-- phpMyAdmin SQL Dump
-- version 4.7.4
-- https://www.phpmyadmin.net/
--
-- Host: 127.0.0.1
-- Generation Time: Mar 07, 2018 at 09:51 AM
-- Server version: 10.1.26-MariaDB
-- PHP Version: 7.1.9

SET SQL_MODE = "NO_AUTO_VALUE_ON_ZERO";
SET AUTOCOMMIT = 0;
START TRANSACTION;
SET time_zone = "+00:00";


/*!40101 SET @OLD_CHARACTER_SET_CLIENT=@@CHARACTER_SET_CLIENT */;
/*!40101 SET @OLD_CHARACTER_SET_RESULTS=@@CHARACTER_SET_RESULTS */;
/*!40101 SET @OLD_COLLATION_CONNECTION=@@COLLATION_CONNECTION */;
/*!40101 SET NAMES utf8mb4 */;

--
-- Database: `my_admin`
--

-- --------------------------------------------------------

--
-- Table structure for table `basic_form`
--

CREATE TABLE `basic_form` (
  `id` int(11) NOT NULL,
  `user_id` varchar(20) NOT NULL,
  `first_name` varchar(100) NOT NULL,
  `last_name` varchar(100) NOT NULL,
  `nic_number` varchar(12) NOT NULL,
  `date_of_birth` date NOT NULL,
  `contact_no` int(10) NOT NULL,
  `email` varchar(100) NOT NULL,
  `gender` varchar(10) NOT NULL,
  `experience` int(11) NOT NULL,
  `qualifications` text NOT NULL,
  `created_date` date NOT NULL
) ENGINE=InnoDB DEFAULT CHARSET=latin1;

--
-- Dumping data for table `basic_form`
--

INSERT INTO `basic_form` (`id`, `user_id`, `first_name`, `last_name`, `nic_number`, `date_of_birth`, `contact_no`, `email`, `gender`, `experience`, `qualifications`, `created_date`) VALUES
(11, 'uid-000001', 'eshan', 'priyadarshana', '932251116v', '2018-03-27', 710923232, 'eshan@gmail.com', 'Male', 1, 'Ordinary Level', '2018-03-06'),
(12, 'uid-000002', 'eshan', 'priyadarshana', '932251116v', '2018-03-28', 710923232, 'eshan@gmail.com', 'Male', 1, 'Ordinary Level', '2018-03-06');

-- --------------------------------------------------------

--
-- Table structure for table `calendar_events`
--

CREATE TABLE `calendar_events` (
  `id` int(11) NOT NULL,
  `title` varchar(255) NOT NULL,
  `description` text NOT NULL,
  `options` varchar(80) DEFAULT NULL,
  `start` varchar(50) NOT NULL,
  `end` varchar(50) DEFAULT NULL,
  `status` int(11) NOT NULL DEFAULT '1'
) ENGINE=InnoDB DEFAULT CHARSET=utf8;

--
-- Dumping data for table `calendar_events`
--

INSERT INTO `calendar_events` (`id`, `title`, `description`, `options`, `start`, `end`, `status`) VALUES
(54, 'xv', 'xxc', '#FF8C00-Option 4', '2018-03-02 01:00', '2018-03-03 03:00', 1),
(55, 'Test Event', 'Event', '#800080-Option 1', '2018-03-21 01:00', '2018-03-22 02:00', 1),
(56, 'Test Event', 'test', '#0000ff-Option 7', '2018-03-09 01:00', '2018-03-09 23:00', 1),
(59, 'Test Event', 'test', '#800080-Option 1', '2018-02-26 02:00', '2018-02-26 03:00', 1),
(60, 'Test 6', 'Test', '#FF0000-Option 2', '2018-02-24 02:00', '2018-02-25 03:00', 1),
(61, 'Test', 'Test', '#800080-Option 1', '2018-03-05 00:00', '2018-03-06 00:00', 1),
(62, 'Test 2', 'Test', '#FF0000-Option 2', '2018-02-24 00:02', '2018-02-21 05:02', 1),
(63, 'Test 3', 'Test', '#FF0000-Option 2', '2018-02-28 00:00', '2018-03-01 02:00', 1),
(64, 'Test 4', 'Test', '#1ab394-Option 3', '2018-03-02 00:00', '2018-03-02 12:01', 0),
(65, 'Test 5', 'Test 2', '#FF0000-Option 2', '2018-02-26 00:00', '2018-02-26 01:00', 1);

-- --------------------------------------------------------

--
-- Table structure for table `cart_category`
--

CREATE TABLE `cart_category` (
  `category_id` int(11) NOT NULL,
  `category_name` varchar(150) NOT NULL,
  `category_url` varchar(150) NOT NULL,
  `category_description` text NOT NULL,
  `category_banner` text NOT NULL,
  `sub_category` int(11) NOT NULL,
  `category_status` int(11) NOT NULL
) ENGINE=InnoDB DEFAULT CHARSET=latin1;

--
-- Dumping data for table `cart_category`
--

INSERT INTO `cart_category` (`category_id`, `category_name`, `category_url`, `category_description`, `category_banner`, `sub_category`, `category_status`) VALUES
(1, 'Deals', 'deals', 'Deals', 'deals-1.jpg', 0, 1),
(23, 'As seen on TV', 'as-seen-on-tv', 'Kitchen Ware', 'as-seen-on-tv-1.jpg,as-seen-on-tv-2.jpg', 0, 1),
(24, 'Kitchen Ware', 'kitchen-ware', 'Kitchen Ware', 'kitchen-ware-1.jpg,kitchen-ware-2.jpg,kitchen-ware-3.jpg', 1, 1),
(25, 'Home Appliances', 'home-appliances', 'Home Appliances', 'home-appliances-1.jpg,home-appliances-2.jpg,home-appliances-3.jpg', 1, 1),
(26, 'Watches', 'watches', 'Watches', 'watches-1.jpg,watches-2.jpg', 1, 1),
(27, 'Health &amp; Beauty', 'health-beauty', 'Health &amp; Beauty', 'health-beauty-1.jpg,health-beauty-2.jpg', 1, 1),
(28, 'Kids &amp; Baby', 'kids-baby', 'Kids &amp; Baby', 'kids-baby-1.jpg,kids-baby-2.jpg', 1, 1),
(29, 'Auto Zone', 'auto-zone', 'Auto Zone', 'auto-zone-1.jpg,auto-zone-2.jpg', 1, 1),
(30, 'Gifts', 'gifts', 'Gifts', 'gifts-1.jpg,gifts-2.jpg', 1, 1),
(31, 'Clearance Sale', 'clearance-sale', 'test', 'clearance-sale-1.jpg', 0, 1),
(32, 'Tech Gadgets &amp; Tools', 'tech-gadgets-tools', 'Tech Gadgets &amp; Tools', 'tech-gadgets-tools-1.jpg', 1, 1);

-- --------------------------------------------------------

--
-- Table structure for table `cart_product`
--

CREATE TABLE `cart_product` (
  `product_id` int(11) NOT NULL,
  `product_name` text NOT NULL,
  `product_url` varchar(150) NOT NULL,
  `product_description` text NOT NULL,
  `category_url` varchar(150) NOT NULL,
  `sub_category_url` varchar(150) NOT NULL,
  `market_price` double(10,2) NOT NULL,
  `discount_percent` int(11) NOT NULL,
  `sale_price` double(10,2) NOT NULL,
  `product_banner` text NOT NULL,
  `product_status` int(11) NOT NULL,
  `product_in_stock` int(11) NOT NULL DEFAULT '1'
) ENGINE=InnoDB DEFAULT CHARSET=latin1;

--
-- Dumping data for table `cart_product`
--

INSERT INTO `cart_product` (`product_id`, `product_name`, `product_url`, `product_description`, `category_url`, `sub_category_url`, `market_price`, `discount_percent`, `sale_price`, `product_banner`, `product_status`, `product_in_stock`) VALUES
(4, 'PATTERN ALUMA WALLET CREDIT CARD HOLDER', 'pattern-aluma-wallet-credit-card-holder', '&lt;p&gt;1. Fits well in your pocket&lt;br /&gt;\r\n2. Protects your credit card from RFID Readers&lt;br /&gt;\r\n3. Water-Resistant to Protect your Belongings&lt;br /&gt;\r\n4. Virtually Indestructible&lt;/p&gt;\r\n\r\n&lt;p&gt;Available colors : White, Black, Red, Light Blue, Pink&lt;/p&gt;\r\n\r\n&lt;p&gt;Hard-shell case also blocks radio frequency tags (protects RFID chips in credit cards) for added ID theft protection. Seven-pocket, accordion-fold interior neatly organizes contents; ultraslim (3/4 inch thick) fits in pants pocket or purse. Easy-open/close clasp&lt;/p&gt;', '25', '6', 490.00, 43, 280.00, 'pattern-aluma-wallet-credit-card-holder-1.jpg,pattern-aluma-wallet-credit-card-holder-2.jpg', 0, 1),
(6, 'GRIPAD WEIGHT LIFTING GLOVES', 'gripad-weight-lifting-gloves', '&lt;ul&gt;\r\n &lt;li&gt;Compact design fits in your pocket&lt;/li&gt;\r\n &lt;li&gt;SanDisk SecureAccess&amp;trade; &amp;nbsp;protects your files&lt;/li&gt;\r\n &lt;li&gt;Transports important personal files, music, and video&lt;/li&gt;\r\n &lt;li&gt;Capacities 8GB, 16GB, 32GB&lt;/li&gt;\r\n&lt;/ul&gt;', '25', '7', 800.00, 40, 480.00, 'gripad-weight-lifting-gloves-1.jpg,gripad-weight-lifting-gloves-2.jpg', 0, 0),
(7, 'product ex', 'product-ex', '&lt;p&gt;JBL Synchros SH39 Headphones made for Ipod Iphone and IPad with handsfree calling mike..&lt;/p&gt;\r\n\r\n&lt;h4&gt;Headphones&amp;nbsp;JBL&amp;nbsp;&amp;nbsp;was on-ear headphones, high&lt;br /&gt;\r\nquality,&amp;nbsp;&amp;nbsp;designed to operate as a Small torque&lt;/h4&gt;', '1', '0', 1300.00, 25, 975.00, 'product-ex-1.jpg,product-ex-2.jpg', 1, 1),
(8, 'Product 2', 'product-2', '&lt;h2&gt;Product&lt;/h2&gt;', '1', '0', 5000.00, 10, 4500.00, 'product-2-1.jpg,product-2-2.jpg', 0, 1),
(9, 'Remax Fairy Soft Silicone Anti Slip Desktop Car Phone Holder', 'remax-fairy-soft-silicone-anti-slip-desktop-car-phone-holder', '&lt;p&gt;Brand: Remax&lt;br /&gt;\r\nMaterial: Soft Silicone Plastic&lt;br /&gt;\r\nSize:110*90mm&lt;br /&gt;\r\nInclined Angle:120 Degree&lt;br /&gt;\r\nCompatible Model:All Smartphone&lt;br /&gt;\r\nColor:Red, Black&lt;/p&gt;\r\n\r\n&lt;ul&gt;\r\n &lt;li&gt;&amp;nbsp;&lt;/li&gt;\r\n &lt;li&gt;1.The mat has Strong adsorption capacity, not easy to slide.&lt;/li&gt;\r\n &lt;li&gt;2.Cool fashion sense of style, hands-free, car phone correct answer.&lt;/li&gt;\r\n &lt;li&gt;3.Real phone navigation companion.&lt;/li&gt;\r\n &lt;li&gt;4.An multi-purpose, wide application.Shockproof, &amp;nbsp;Anti Shake.&lt;/li&gt;\r\n &lt;li&gt;5.Single hand operation, drive safer and not occupy space.&lt;/li&gt;\r\n &lt;li&gt;6.In addition, this car holder is compatible with most of mobile phone on the market.&lt;/li&gt;\r\n&lt;/ul&gt;', '29', '0', 975.00, 37, 615.00, 'remax-fairy-soft-silicone-anti-slip-desktop-car-phone-holder-1.jpg,remax-fairy-soft-silicone-anti-slip-desktop-car-phone-holder-2.jpg,remax-fairy-soft-silicone-anti-slip-desktop-car-phone-holder-3.jpg,remax-fairy-soft-silicone-anti-slip-desktop-car-phone-holder-4.jpg', 1, 1),
(10, 'Iron Gym - Total Upper Body Workout Bar', 'iron-gym-total-upper-body-workout-bar', '&lt;p&gt;The Iron Gym is made with heavy duty steel construction, and attaches &amp;amp; removes from your door frame in seconds!&lt;/p&gt;\r\n\r\n&lt;p&gt;Iron Gym is the multifunction training system that raises the bar on upper body exercises. Iron Gym turns any door into your own personal gym in just seconds. Its unique design wraps around your door frame and uses leverage so there are no screws and no damage to your door.&amp;nbsp;&lt;/p&gt;\r\n\r\n&lt;p&gt;Iron Gym is great for pull-ups, sit ups, push ups, dips and crunches. In just minutes a day, you will build lean muscle and get ripped.&amp;nbsp;&lt;/p&gt;\r\n\r\n&lt;p&gt;Fits doorways from 61cm to 81cm wide with trim or molding from 10cm to 16cm.&amp;nbsp;&lt;/p&gt;\r\n\r\n&lt;p&gt;&amp;nbsp;&lt;/p&gt;\r\n\r\n&lt;ul&gt;\r\n &lt;li&gt;- No Drilling! No Tools! No Fasterns!&lt;/li&gt;\r\n &lt;li&gt;&amp;nbsp;- Attaches &amp;amp; Removes From Door Frame In Seconds&lt;/li&gt;\r\n &lt;li&gt;&amp;nbsp;- Fit All Standard Door Frames (24-32 inches)&lt;/li&gt;\r\n &lt;li&gt;&amp;nbsp;- Quick &amp;amp; Easy Assebly (Tools Included)&lt;/li&gt;\r\n &lt;li&gt;&amp;nbsp;- Includes The Ultimate Upper Body Workout &amp;amp; Nutrition Guide&lt;/li&gt;\r\n&lt;/ul&gt;\r\n\r\n&lt;p&gt;The heavy duty steel construction supports up to 278 pounds.&amp;nbsp;&lt;/p&gt;\r\n\r\n&lt;p&gt;It instantly attaches to or removes from your door frame with no drilling or tools.&lt;/p&gt;', '23', '0', 2790.00, 33, 1870.00, 'iron-gym-total-upper-body-workout-bar-1.jpg,iron-gym-total-upper-body-workout-bar-2.jpg,iron-gym-total-upper-body-workout-bar-3.jpg', 1, 1),
(11, 'YES Finishing Touch Hair Remover with Laser Sensor Light Safely Shaver', 'yes-finishing-touch-hair-remover-with-laser-sensor-light-safely-shaver', '&lt;p&gt;Yes! by Finishing Touch Hair Remover delivers the ultimate grooming tool designed to make women feel sexy and clean all over.&lt;br /&gt;\r\n&amp;nbsp;Most traditional hair removal methods rely on razors, but this product utilizes precision micro-oscillation technology to gently sweep away unwanted hairs at the surface of your skin.&lt;br /&gt;\r\n&amp;nbsp;That means no more nicks, cuts or razor bumps. Instead, all you are left with is soft, comfortable skin.&amp;nbsp;&lt;br /&gt;\r\nSensa-light technology hair removal can be used anywhere on the body from your face, arms, legs and even your bikini line.&lt;br /&gt;\r\n&amp;nbsp;Individuals of all skin tones can benefit from its use.&amp;nbsp;&lt;br /&gt;\r\nThis hair removal device comes with a rechargeable lithium ion battery for reliable power.&lt;br /&gt;\r\n&amp;nbsp;Yes! by Finishing Touch Hair Remover:&lt;/p&gt;\r\n\r\n&lt;p&gt;&amp;nbsp;&lt;/p&gt;\r\n\r\n&lt;ul&gt;\r\n &lt;li&gt;*Instant and pain-free hair remover&lt;/li&gt;\r\n &lt;li&gt;*Safely remove hair anywhere&lt;/li&gt;\r\n &lt;li&gt;*Sensa-Light technology&lt;/li&gt;\r\n &lt;li&gt;*Safe to the touch&lt;/li&gt;\r\n &lt;li&gt;*As Seen on TV hair remover is safe on all skin tones&lt;/li&gt;\r\n&lt;/ul&gt;\r\n\r\n&lt;p&gt;&amp;nbsp;&lt;/p&gt;', '23', '0', 2675.00, 29, 1900.00, 'yes-finishing-touch-hair-remover-with-laser-sensor-light-safely-shaver-1.jpg,yes-finishing-touch-hair-remover-with-laser-sensor-light-safely-shaver-2.jpg', 1, 1),
(12, 'Blood Pressure Monitor', 'blood-pressure-monitor', '&lt;p style=&quot;margin-left:0cm; margin-right:0cm; text-align:start&quot;&gt;&lt;span style=&quot;font-size:14px&quot;&gt;&lt;span style=&quot;color:#000000&quot;&gt;&lt;span style=&quot;font-family:Verdana,Geneva,sans-serif&quot;&gt;&lt;strong&gt;&lt;span style=&quot;font-size:12pt&quot;&gt;&lt;span style=&quot;font-family:Calibri&quot;&gt;Features:&lt;/span&gt;&lt;/span&gt;&lt;/strong&gt;&lt;/span&gt;&lt;/span&gt;&lt;/span&gt;&lt;/p&gt;\r\n\r\n&lt;p style=&quot;margin-left:0cm; margin-right:0cm; text-align:start&quot;&gt;&lt;span style=&quot;font-size:14px&quot;&gt;&lt;span style=&quot;color:#000000&quot;&gt;&lt;span style=&quot;font-family:Verdana,Geneva,sans-serif&quot;&gt;&lt;span style=&quot;font-family:??&quot;&gt;&amp;middot;&lt;/span&gt;&lt;span style=&quot;font-family:Calibri&quot;&gt;Memory capacity&lt;/span&gt;&lt;span style=&quot;font-family:??&quot;&gt;?&lt;/span&gt;&lt;span style=&quot;font-family:Calibri&quot;&gt;each side may record 60 groups of measurement data&lt;/span&gt;&lt;/span&gt;&lt;/span&gt;&lt;/span&gt;&lt;/p&gt;\r\n\r\n&lt;p style=&quot;margin-left:0cm; margin-right:0cm; text-align:start&quot;&gt;&lt;span style=&quot;font-size:14px&quot;&gt;&lt;span style=&quot;color:#000000&quot;&gt;&lt;span style=&quot;font-family:Verdana,Geneva,sans-serif&quot;&gt;&lt;span style=&quot;font-family:??&quot;&gt;&amp;middot;&lt;/span&gt;&lt;span style=&quot;font-family:Calibri&quot;&gt;Pressurization: full automatic pressurization mode&lt;/span&gt;&lt;/span&gt;&lt;/span&gt;&lt;/span&gt;&lt;/p&gt;\r\n\r\n&lt;p style=&quot;margin-left:0cm; margin-right:0cm; text-align:start&quot;&gt;&lt;span style=&quot;font-size:14px&quot;&gt;&lt;span style=&quot;color:#000000&quot;&gt;&lt;span style=&quot;font-family:Verdana,Geneva,sans-serif&quot;&gt;&lt;span style=&quot;font-family:??&quot;&gt;&amp;middot;&lt;/span&gt;&lt;span style=&quot;font-family:Calibri&quot;&gt;Decompression: full automatic decompression mode&lt;/span&gt;&lt;/span&gt;&lt;/span&gt;&lt;/span&gt;&lt;/p&gt;\r\n\r\n&lt;p style=&quot;margin-left:0cm; margin-right:0cm; text-align:start&quot;&gt;&lt;span style=&quot;font-size:14px&quot;&gt;&lt;span style=&quot;color:#000000&quot;&gt;&lt;span style=&quot;font-family:Verdana,Geneva,sans-serif&quot;&gt;&lt;span style=&quot;font-family:??&quot;&gt;&amp;middot;&lt;/span&gt;&lt;span style=&quot;font-family:Calibri&quot;&gt;Air discharge : full automatic rapid exhaust mode&lt;/span&gt;&lt;/span&gt;&lt;/span&gt;&lt;/span&gt;&lt;/p&gt;\r\n\r\n&lt;p style=&quot;margin-left:0cm; margin-right:0cm; text-align:start&quot;&gt;&lt;span style=&quot;font-size:14px&quot;&gt;&lt;span style=&quot;color:#000000&quot;&gt;&lt;span style=&quot;font-family:Verdana,Geneva,sans-serif&quot;&gt;&lt;span style=&quot;font-family:??&quot;&gt;&amp;middot;&lt;/span&gt;&lt;span style=&quot;font-family:Calibri&quot;&gt;Type: Wrist Blood Pressure Monitor&lt;/span&gt;&lt;/span&gt;&lt;/span&gt;&lt;/span&gt;&lt;/p&gt;\r\n\r\n&lt;p style=&quot;margin-left:0cm; margin-right:0cm; text-align:start&quot;&gt;&lt;span style=&quot;font-size:14px&quot;&gt;&lt;span style=&quot;color:#000000&quot;&gt;&lt;span style=&quot;font-family:Verdana,Geneva,sans-serif&quot;&gt;&lt;span style=&quot;font-family:??&quot;&gt;&amp;middot;&lt;/span&gt;&lt;span style=&quot;font-family:Calibri&quot;&gt;Wrist Circumference: 135 ~ 195 mm&lt;/span&gt;&lt;/span&gt;&lt;/span&gt;&lt;/span&gt;&lt;/p&gt;\r\n\r\n&lt;p style=&quot;margin-left:0cm; margin-right:0cm; text-align:start&quot;&gt;&lt;span style=&quot;font-size:14px&quot;&gt;&lt;span style=&quot;color:#000000&quot;&gt;&lt;span style=&quot;font-family:Verdana,Geneva,sans-serif&quot;&gt;&lt;span style=&quot;font-family:??&quot;&gt;&amp;middot;&lt;/span&gt;&lt;span style=&quot;font-family:Calibri&quot;&gt;Measurement Range:&lt;/span&gt;&lt;/span&gt;&lt;/span&gt;&lt;/span&gt;&lt;/p&gt;\r\n\r\n&lt;p style=&quot;margin-left:0cm; margin-right:0cm; text-align:start&quot;&gt;&lt;span style=&quot;font-size:14px&quot;&gt;&lt;span style=&quot;color:#000000&quot;&gt;&lt;span style=&quot;font-family:Verdana,Geneva,sans-serif&quot;&gt;&lt;span style=&quot;font-family:??&quot;&gt;&amp;middot;&lt;/span&gt;&lt;span style=&quot;font-family:Calibri&quot;&gt;Pressure: 20 ~ 280 mmHg&lt;/span&gt;&lt;/span&gt;&lt;/span&gt;&lt;/span&gt;&lt;/p&gt;\r\n\r\n&lt;p style=&quot;margin-left:0cm; margin-right:0cm; text-align:start&quot;&gt;&lt;span style=&quot;font-size:14px&quot;&gt;&lt;span style=&quot;color:#000000&quot;&gt;&lt;span style=&quot;font-family:Verdana,Geneva,sans-serif&quot;&gt;&lt;span style=&quot;font-family:??&quot;&gt;&amp;middot;&lt;/span&gt;&lt;span style=&quot;font-family:Calibri&quot;&gt;Pulse Rate: 40 ~ 165 beats / min&lt;/span&gt;&lt;/span&gt;&lt;/span&gt;&lt;/span&gt;&lt;/p&gt;\r\n\r\n&lt;p style=&quot;margin-left:0cm; margin-right:0cm; text-align:start&quot;&gt;&lt;span style=&quot;font-size:14px&quot;&gt;&lt;span style=&quot;color:#000000&quot;&gt;&lt;span style=&quot;font-family:Verdana,Geneva,sans-serif&quot;&gt;&lt;span style=&quot;font-family:??&quot;&gt;&amp;middot;&lt;/span&gt;&lt;span style=&quot;font-family:Calibri&quot;&gt;Accuracy:&lt;/span&gt;&lt;/span&gt;&lt;/span&gt;&lt;/span&gt;&lt;/p&gt;\r\n\r\n&lt;p style=&quot;margin-left:0cm; margin-right:0cm; text-align:start&quot;&gt;&lt;span style=&quot;font-size:14px&quot;&gt;&lt;span style=&quot;color:#000000&quot;&gt;&lt;span style=&quot;font-family:Verdana,Geneva,sans-serif&quot;&gt;&lt;span style=&quot;font-family:??&quot;&gt;&amp;middot;&lt;/span&gt;&lt;span style=&quot;font-family:Calibri&quot;&gt;Pressure: within &amp;plusmn;3 mmHg&lt;/span&gt;&lt;/span&gt;&lt;/span&gt;&lt;/span&gt;&lt;/p&gt;\r\n\r\n&lt;p style=&quot;margin-left:0cm; margin-right:0cm; text-align:start&quot;&gt;&lt;span style=&quot;font-size:14px&quot;&gt;&lt;span style=&quot;color:#000000&quot;&gt;&lt;span style=&quot;font-family:Verdana,Geneva,sans-serif&quot;&gt;&lt;span style=&quot;font-family:??&quot;&gt;&amp;middot;&lt;/span&gt;&lt;span style=&quot;font-family:Calibri&quot;&gt;Pulse rate: within &amp;plusmn;5% of reading&lt;/span&gt;&lt;/span&gt;&lt;/span&gt;&lt;/span&gt;&lt;/p&gt;\r\n\r\n&lt;p style=&quot;margin-left:0cm; margin-right:0cm; text-align:start&quot;&gt;&lt;span style=&quot;font-size:14px&quot;&gt;&lt;span style=&quot;color:#000000&quot;&gt;&lt;span style=&quot;font-family:Verdana,Geneva,sans-serif&quot;&gt;&lt;span style=&quot;font-family:??&quot;&gt;&amp;middot;&lt;/span&gt;&lt;span style=&quot;font-family:Calibri&quot;&gt;Power supply: 2 x AAA alkaline batteries&amp;nbsp;&lt;strong&gt;&lt;u&gt;&lt;span style=&quot;color:red&quot;&gt;(not included)&lt;/span&gt;&lt;/u&gt;&lt;/strong&gt;&lt;/span&gt;&lt;/span&gt;&lt;/span&gt;&lt;/span&gt;&lt;/p&gt;\r\n\r\n&lt;p style=&quot;margin-left:0cm; margin-right:0cm; text-align:start&quot;&gt;&amp;nbsp;&lt;/p&gt;\r\n\r\n&lt;p style=&quot;margin-left:0cm; margin-right:0cm; text-align:start&quot;&gt;&lt;span style=&quot;font-size:14px&quot;&gt;&lt;span style=&quot;color:#000000&quot;&gt;&lt;span style=&quot;font-family:Verdana,Geneva,sans-serif&quot;&gt;&lt;strong&gt;&lt;span style=&quot;font-size:12pt&quot;&gt;&lt;span style=&quot;font-family:Calibri&quot;&gt;Specifications:&lt;/span&gt;&lt;/span&gt;&lt;/strong&gt;&lt;/span&gt;&lt;/span&gt;&lt;/span&gt;&lt;/p&gt;\r\n\r\n&lt;p style=&quot;margin-left:0cm; margin-right:0cm; text-align:start&quot;&gt;&lt;span style=&quot;font-size:14px&quot;&gt;&lt;span style=&quot;color:#000000&quot;&gt;&lt;span style=&quot;font-family:Verdana,Geneva,sans-serif&quot;&gt;&lt;span style=&quot;font-family:Calibri&quot;&gt;Size: 70*72.6*32.5mm ( L*W*H)&lt;/span&gt;&lt;/span&gt;&lt;/span&gt;&lt;/span&gt;&lt;/p&gt;\r\n\r\n&lt;p style=&quot;margin-left:0cm; margin-right:0cm; text-align:start&quot;&gt;&lt;span style=&quot;font-size:14px&quot;&gt;&lt;span style=&quot;color:#000000&quot;&gt;&lt;span style=&quot;font-family:Verdana,Geneva,sans-serif&quot;&gt;&lt;span style=&quot;font-family:Calibri&quot;&gt;Net weight: 105g&lt;/span&gt;&lt;/span&gt;&lt;/span&gt;&lt;/span&gt;&lt;/p&gt;\r\n\r\n&lt;p style=&quot;margin-left:0cm; margin-right:0cm; text-align:start&quot;&gt;&lt;span style=&quot;font-size:14px&quot;&gt;&lt;span style=&quot;color:#000000&quot;&gt;&lt;span style=&quot;font-family:Verdana,Geneva,sans-serif&quot;&gt;&lt;span style=&quot;font-family:Calibri&quot;&gt;Color: White&lt;/span&gt;&lt;/span&gt;&lt;/span&gt;&lt;/span&gt;&lt;/p&gt;\r\n\r\n&lt;p style=&quot;margin-left:0cm; margin-right:0cm; text-align:start&quot;&gt;&amp;nbsp;&lt;/p&gt;\r\n\r\n&lt;p style=&quot;margin-left:0cm; margin-right:0cm; text-align:start&quot;&gt;&lt;span style=&quot;font-size:14px&quot;&gt;&lt;span style=&quot;color:#000000&quot;&gt;&lt;span style=&quot;font-family:Verdana,Geneva,sans-serif&quot;&gt;&lt;strong&gt;&lt;span style=&quot;font-size:12pt&quot;&gt;&lt;span style=&quot;font-family:Calibri&quot;&gt;Packing content:&lt;/span&gt;&lt;/span&gt;&lt;/strong&gt;&lt;/span&gt;&lt;/span&gt;&lt;/span&gt;&lt;/p&gt;\r\n\r\n&lt;p style=&quot;margin-left:0cm; margin-right:0cm; text-align:start&quot;&gt;&lt;span style=&quot;font-size:14px&quot;&gt;&lt;span style=&quot;color:#000000&quot;&gt;&lt;span style=&quot;font-family:Verdana,Geneva,sans-serif&quot;&gt;&lt;span style=&quot;font-family:Calibri&quot;&gt;1 PCS Wrist Type Blood Pressure Monitor&lt;/span&gt;&lt;/span&gt;&lt;/span&gt;&lt;/span&gt;&lt;/p&gt;\r\n\r\n&lt;p style=&quot;margin-left:0cm; margin-right:0cm; text-align:start&quot;&gt;&lt;span style=&quot;font-size:14px&quot;&gt;&lt;span style=&quot;color:#000000&quot;&gt;&lt;span style=&quot;font-family:Verdana,Geneva,sans-serif&quot;&gt;&lt;span style=&quot;font-family:Calibri&quot;&gt;1 PCS user manual&lt;/span&gt;&lt;/span&gt;&lt;/span&gt;&lt;/span&gt;&lt;/p&gt;', '27', '0', 3900.00, 25, 2925.00, 'blood-pressure-monitor-1.jpg,blood-pressure-monitor-2.jpg,blood-pressure-monitor-3.jpg', 1, 1),
(13, 'CE5 Electronic Shisha Pen -  Electronic Cigarette', 'ce5-electronic-shisha-pen-electronic-cigarette', '&lt;p&gt;CES Clearomizer: 1.6ml of Ejuice&lt;br /&gt;\r\nBattery: 650mAh&lt;br /&gt;\r\nEjuice Capacity: 10ml juice&lt;br /&gt;\r\nWhen fully charged, the battrey powers over 800 puffs&lt;br /&gt;\r\nTen seconds of continous use causes the button to cut-off.After a few seconds the device can used normally again.&lt;br /&gt;\r\nIf the on your button (or illumination ring depending on your model)flashes ten to fifteen times while pressed,&lt;br /&gt;\r\nthis may mean the battery needs to be charge.when plugging in the battery to charge,&lt;br /&gt;\r\nthe button or ring will flash three times and the charger&amp;rsquo;s indicator light will turn red.&lt;br /&gt;\r\nwhen the indicator light turns green charging is complete.&lt;br /&gt;\r\ncharging time:2-3hours&lt;/p&gt;\r\n\r\n&lt;p&gt;battery life:300 recharges&lt;/p&gt;\r\n\r\n&lt;p&gt;USB input:DC4.5-6V500mAh&lt;/p&gt;\r\n\r\n&lt;p&gt;USB Output:DC4.2V 400mAh&lt;/p&gt;\r\n\r\n&lt;p&gt;USB Port:5V Adapter/computer USB port/vehicle DC output 5V&lt;/p&gt;\r\n\r\n&lt;p&gt;REFILLING THE CE5 CLEAROMIZER&lt;/p&gt;\r\n\r\n&lt;p&gt;Remove the mouthpiece and lean the CE5 at a 45-60 degrees angle.&amp;nbsp;&lt;br /&gt;\r\nRefill the clearomizer slowly using your e-liqiud dropper bottle until reaching the 1.6ml mark.&amp;nbsp;&lt;br /&gt;\r\nBe careful not to spill e-liquid into the center tube.&lt;/p&gt;', '32', '0', 1250.00, 22, 975.00, 'ce5-electronic-shisha-pen-electronic-cigarette-1.jpg,ce5-electronic-shisha-pen-electronic-cigarette-2.jpg,ce5-electronic-shisha-pen-electronic-cigarette-3.jpg', 1, 1),
(14, 'Hand Operated Drinking Water Pump', 'hand-operated-drinking-water-pump', '&lt;p&gt;Safely, easily and effortlessly pump water or other liquids from large water tanks/bottles&lt;br /&gt;\r\n100% Brand New &amp;amp;High Quality&amp;nbsp;&lt;br /&gt;\r\nInnovative vacuum action for easy pumping&amp;nbsp;&lt;br /&gt;\r\nNo battery or motor required&amp;nbsp;&lt;br /&gt;\r\nEasy to use, simple pressing&amp;nbsp;&lt;br /&gt;\r\nRemovable tube for easy cleaning&amp;nbsp;&lt;br /&gt;\r\nFits most standard 5-6 gallon water bottles&amp;nbsp;&lt;br /&gt;\r\nPerfect for camping, fishing, hunting, or outdoor parties/events&lt;/p&gt;', '25', '7', 1250.00, 40, 750.00, 'hand-operated-drinking-water-pump-1.jpg,hand-operated-drinking-water-pump-2.jpg,hand-operated-drinking-water-pump-3.jpg', 1, 1),
(15, 'Hot Shapers Fat Blaster Unisex Waist Jacket', 'hot-shapers-fat-blaster-unisex-waist-jacket', '&lt;p&gt;What&amp;rsquo;s Hot Shapers Neotex Slimming Shirt Hot Shapers?&lt;br /&gt;\r\nHot BELT&amp;nbsp;are fitness for everyday wear, with NEOTEX&amp;nbsp;smart fabrics technology that increases core temperature helping your body sweat, sweat, sweat &amp;amp; sweat more while wearing them during daily activities.&lt;br /&gt;\r\n&amp;nbsp;&lt;br /&gt;\r\nHow they work? ?&lt;br /&gt;\r\nThe NEOTEX&amp;nbsp;smart fabrics technology in Hot Shapers Neotex Slimming Shirt &amp;nbsp;increases core temperature during your daily activities, at home, exercise, sports, walk, run, baby walk or any physical activity.&amp;nbsp;&lt;br /&gt;\r\nHot Shapers clothing can be worn while active regardless of what you are doing&lt;br /&gt;\r\n&amp;nbsp;&lt;br /&gt;\r\nBenefits:&lt;/p&gt;\r\n\r\n&lt;ul&gt;\r\n &lt;li&gt;- Maximizes fitness routines&lt;/li&gt;\r\n &lt;li&gt;- Slim waist tummy and tights&lt;/li&gt;\r\n &lt;li&gt;- Increase your core body temperatur&lt;/li&gt;\r\n &lt;li&gt;- Improve your overall well-being&lt;/li&gt;\r\n&lt;/ul&gt;\r\n\r\n&lt;p&gt;&amp;nbsp;&lt;br /&gt;\r\nIt&amp;rsquo;s all about being in shape.&lt;br /&gt;\r\nThe more you sweat the fitter you get!&lt;br /&gt;\r\nSweat and get in shape.&lt;br /&gt;\r\n&amp;nbsp;&lt;br /&gt;\r\nWashing instructions:&lt;br /&gt;\r\nIt is recommended to wash it after each use, particularly after exercising.&amp;nbsp;&lt;br /&gt;\r\nHand wash in cold water with a soft detergent. Squeeze out and drain.&lt;br /&gt;\r\n&amp;nbsp;&lt;/p&gt;\r\n\r\n&lt;ul&gt;\r\n &lt;li&gt;- Hand wash 30&amp;deg;c&lt;/li&gt;\r\n &lt;li&gt;- Do not tumble dry &amp;nbsp;&amp;nbsp;&lt;/li&gt;\r\n &lt;li&gt;- Do not bleach&lt;/li&gt;\r\n &lt;li&gt;- Do not iron &amp;nbsp; &amp;nbsp;&lt;/li&gt;\r\n &lt;li&gt;- Do not wring &amp;nbsp;&lt;/li&gt;\r\n &lt;li&gt;- Do not dry clean&lt;/li&gt;\r\n &lt;li&gt;- Line dry / Hang dry&lt;/li&gt;\r\n&lt;/ul&gt;', '23', '0', 2250.00, 20, 1800.00, 'hot-shapers-fat-blaster-unisex-waist-jacket-1.jpg,hot-shapers-fat-blaster-unisex-waist-jacket-2.jpg', 1, 1),
(16, 'JBL Harman Synchros SH39 Head Phone', 'jbl-harman-synchros-sh39-head-phone', '&lt;p&gt;JBL Synchros SH39 Headphones made for Ipod Iphone and IPad with handsfree calling mike..&lt;/p&gt;\r\n\r\n&lt;h4&gt;Headphones&amp;nbsp;JBL&amp;nbsp;&amp;nbsp;was on-ear headphones, high&lt;br /&gt;\r\nquality,&amp;nbsp;&amp;nbsp;designed to operate as a Small torque&lt;/h4&gt;', '32', '0', 1300.00, 25, 975.00, 'jbl-harman-synchros-sh39-head-phone-1.jpg,jbl-harman-synchros-sh39-head-phone-2.jpg', 1, 1),
(17, 'Magic Month D2 Headset', 'magic-month-d2-headset', '&lt;p&gt;&amp;lt;p&amp;gt;ew Arrival D2 CELEBRAT MAGIC MONTH Universal Stereo Earphone HiFi Sound/Clear Human Voice/Flat Tangle Free Cable Compatible with Devices with 3.5mm Jack.&amp;lt;br /&amp;gt; The CELEBRAT MAGIC MONTH soft rubber ear buds provide superior comfort while directing the sound straight into ear so get the highest possible sound quality with minimum noise leakage.&amp;lt;br /&amp;gt; The CELEBRAT MAGIC MONTH high-quality microphone ensures calls are always crystal clear.&amp;lt;br /&amp;gt; Excellent sound quality and super clear sound.Compact,lightweight design.&amp;lt;br /&amp;gt; The button can be programmed through various Android apps, letting you use it how you choose. The high-quality microphone ensures your calls are always crystal clear.&amp;lt;/p&amp;gt;&lt;/p&gt;', '32', '0', 950.00, 40, 570.00, 'magic-month-d2-headset-1.jpg,magic-month-d2-headset-2.jpg', 1, 1),
(18, 'Micro touch men\'s precision groomer', 'micro-touch-men-s-precision-groomer', '&lt;p&gt;&lt;br /&gt;\r\nThe Micro Touch &amp;nbsp;easily removes unwanted hair&lt;br /&gt;\r\nGets as close as a blade, yet it&amp;#39;s safe to the touch&lt;br /&gt;\r\nThe all in one micro touches personal trimmer&lt;br /&gt;\r\nThe Micro Touch is a battery-powered personal grooming device that trims hair anywhere with micro precision It&amp;#39;s great for sideburns bushy eyebrows, the back of the neck, mustaches, beards etc.&lt;br /&gt;\r\n&amp;nbsp;&lt;br /&gt;\r\nFeature:&lt;/p&gt;\r\n\r\n&lt;ul&gt;\r\n &lt;li&gt;-Built-in LED light&lt;/li&gt;\r\n &lt;li&gt;-Rubber non-slip grip&lt;/li&gt;\r\n &lt;li&gt;-Trims hair with micro precision&lt;/li&gt;\r\n &lt;li&gt;-Trim ears, eyebrows, sideburns, back of neck, nostrils, chest anywhere you want to trim/ cut out that extra hair&lt;/li&gt;\r\n &lt;li&gt;-Get to those hard-to-reach places&lt;/li&gt;\r\n &lt;li&gt;-Easy to use&lt;/li&gt;\r\n &lt;li&gt;-Compact,take it anywhere you want&lt;/li&gt;\r\n &lt;li&gt;-Close as a blade yet Safe to the touch&lt;/li&gt;\r\n &lt;li&gt;-No pain, irritation or razor bumps&lt;/li&gt;\r\n&lt;/ul&gt;', '23', '0', 1600.00, 40, 960.00, 'micro-touch-men-s-precision-groomer-1.jpg,micro-touch-men-s-precision-groomer-2.jpg,micro-touch-men-s-precision-groomer-3.jpg', 1, 1),
(19, 'Riddex Quad Pest Repelling Aid', 'riddex-quad-pest-repelling-aid', '&lt;p&gt;&lt;br /&gt;\r\n(One unit takes care of a normal sized home, approximately 2000 square feet. Use two units if&lt;/p&gt;\r\n\r\n&lt;p&gt;the house is more than one story).&amp;nbsp;&lt;/p&gt;\r\n\r\n&lt;p&gt;Extra outlet on the side allows you to use without losing plug space. Includes night light too!&lt;/p&gt;\r\n\r\n&lt;p&gt;Safe for children and household pets. The Riddex Quad actually changes the normal field&lt;/p&gt;\r\n\r\n&lt;p&gt;around your wiring, creating an environment that aids in the control of pests.&lt;/p&gt;\r\n\r\n&lt;p&gt;&amp;nbsp;&lt;/p&gt;\r\n\r\n&lt;p&gt;The Riddex Quad Repelling Aid is safe for most household pets, except for hamsters, gerbils and&lt;/p&gt;\r\n\r\n&lt;p&gt;other rodent pets. There are no irritating pesticides or fumes. Simply plug this electronic unit&lt;/p&gt;\r\n\r\n&lt;p&gt;into a standard electrical outlet and watch it help drive out pesky pests from your home, in as&lt;/p&gt;\r\n\r\n&lt;p&gt;little as two - three weeks! Designed to work through electrical wiring 230v oulet only.&lt;/p&gt;\r\n\r\n&lt;p&gt;&amp;nbsp;&lt;/p&gt;\r\n\r\n&lt;ul&gt;\r\n &lt;li&gt;-Electromagnetic Sonic Technology&lt;/li&gt;\r\n &lt;li&gt;-Turn Your Home Into A Pest Repellent Force Field&lt;/li&gt;\r\n &lt;li&gt;-Electromagnetic, Sonic Repellent, Night Light and Side Outlet&lt;/li&gt;\r\n &lt;li&gt;-Non Toxic, No Chemicals, No Poison&lt;/li&gt;\r\n &lt;li&gt;-For Rodents, Roaches, Ants, Spiders and Other Bugs&lt;/li&gt;\r\n&lt;/ul&gt;\r\n\r\n&lt;p&gt;Attention: Not suitable for household rodent pets such as gerbil and hamsters&lt;/p&gt;\r\n\r\n&lt;p&gt;1 x Riddex Quad&lt;/p&gt;', '23', '0', 1490.00, 33, 999.00, 'riddex-quad-pest-repelling-aid-1.jpg,riddex-quad-pest-repelling-aid-2.jpg,riddex-quad-pest-repelling-aid-3.jpg', 1, 1),
(20, 'Precise Pedi -  Electric Callus Remover Foot File Waterproof Cordless', 'precise-pedi-electric-callus-remover-foot-file-waterproof-cordless', '&lt;p&gt;Are your feet dry, cracked and covered with callouses? Are you too embarrassed to take your shoes off? Introducing Precise Pedi, the precision beauty device designed to buff away unsightly imperfections and leave your feet and toes smooth, sexy and callous free! With two specially designed Micro Crystal Tips (1 Round Tip and 1 Cone Tip), you&amp;rsquo;ll get precision results quick and easy, even between your toes.&lt;/p&gt;\r\n\r\n&lt;ul&gt;\r\n &lt;li&gt;Targets and removes callouses and corns. Buffs dry skin for silky smooth results from heel to toe.&lt;/li&gt;\r\n &lt;li&gt;Precision roller tips are specially designed for hard to reach areas.&lt;/li&gt;\r\n &lt;li&gt;Ergonomic for easy handling.&lt;/li&gt;\r\n &lt;li&gt;Motor spins at 3,000 RPM ensuring a smooth finish.&lt;/li&gt;\r\n &lt;li&gt;Can be used on dry, cracked and calloused skin on your feet and hands.&lt;/li&gt;\r\n &lt;li&gt;Ergonomically designed, comfortable grip.&lt;/li&gt;\r\n &lt;li&gt;Lightweight and easy to use.&lt;/li&gt;\r\n &lt;li&gt;BONUS Cone Tip gets between your toes.&lt;/li&gt;\r\n &lt;li&gt;Requires 2x AA batteries (not included)&lt;/li&gt;\r\n&lt;/ul&gt;', '23', '0', 2650.00, 27, 1935.00, 'precise-pedi-electric-callus-remover-foot-file-waterproof-cordless-1.jpg,precise-pedi-electric-callus-remover-foot-file-waterproof-cordless-2.jpg,precise-pedi-electric-callus-remover-foot-file-waterproof-cordless-3.jpg', 1, 1),
(21, '18 Pcs Handheld Pedi Mate - Gently removes callus, Dry skin', '18-pcs-handheld-pedi-mate-gently-removes-callus-dry-skin', '&lt;p&gt;Handheld Pedi Mate Pedicure Manicure Foot File Nail Shaper Amazing 18 Pieces Tools&lt;/p&gt;\r\n\r\n&lt;p&gt;&lt;br /&gt;\r\nPedi Mate Manicure &amp;amp; Pedicure Set with 2 Handheld Foot Files, Nail Shaper and Attachments &amp;ndash; 18 pieces. The ergonomically designed Pedi Mate is simple and comfortable to use. It has been constructed to gently remove calluses and dead skin and help give your feet an incredibly soft look and feel that you crave. Once you have removed the ugly dead skin, use the emery pads for the finishing. You and your feet will love the Pedi Mate. This set also includes a nail shaper with 10 attachments and a nail shiner so you can groom, buff and shine your nails on your hands and feet for the complete manicure and pedicure. Treat yourself to salon like treatments without the expense with this 18 piece manicure/ pedicure set.&lt;/p&gt;\r\n\r\n&lt;p&gt;Features:&lt;/p&gt;\r\n\r\n&lt;p&gt;Gently removes callous dry skin&lt;br /&gt;\r\n18 piece grooming kit&lt;br /&gt;\r\nUltimate foot file&lt;br /&gt;\r\nNo mess&lt;br /&gt;\r\nSafe to use&lt;br /&gt;\r\nEasy to carry&lt;br /&gt;\r\nSpaces for putting each article in its place&lt;br /&gt;\r\nGrooms completely&lt;br /&gt;\r\nUnique ball tip cone&lt;br /&gt;\r\nBlue stone disc&lt;br /&gt;\r\nBullet cone&lt;br /&gt;\r\nSuperior emery barrel&lt;br /&gt;\r\nProfessional foot cone&lt;br /&gt;\r\nLuxurious buffing barrel&lt;br /&gt;\r\nSatin bristle brush&lt;br /&gt;\r\nFlat disc trimmer&lt;br /&gt;\r\nPrecision pointed cone&lt;br /&gt;\r\nRotary emery board&lt;br /&gt;\r\nComfortable ergonomic design&lt;br /&gt;\r\nBest for feet&lt;br /&gt;\r\nCaptures the fillings&lt;br /&gt;\r\nFor smooth sexy feet&lt;/p&gt;', '23', '0', 2750.00, 28, 1980.00, '18-pcs-handheld-pedi-mate-gently-removes-callus-dry-skin-1.jpg,18-pcs-handheld-pedi-mate-gently-removes-callus-dry-skin-2.jpg', 1, 1),
(22, 'Samsung Level Box Pro - Bluetooth Speaker', 'samsung-level-box-pro-bluetooth-speaker', '&lt;p&gt;Samsung LEVEL Box Pro Bluetooth Speaker&lt;/p&gt;\r\n\r\n&lt;p&gt;UHQ(Ultra High Quality) Audio UHQ Audio (96~192kHz/ 24bit) sounds even better than CD quality audio (44.1kHz/ 16bit). UHQ-BT codec technology helps minimise audio loss. Enjoy rich, balanced sound &amp;ndash; almost as good as being in the studio with your favourite musicians&lt;/p&gt;\r\n\r\n&lt;p&gt;Powerful Listening ExperienceWith four built-in speakers and two passive radiators, get clear highs, rich mids and deeper bass giving you an incredibly rich, powerful listening experience &amp;ndash; even in larger rooms&lt;/p&gt;\r\n\r\n&lt;p&gt;Dual Sound FunctionalityConnect two Level Box Pro units at once for even more power and unbeatable audio richness. Enjoy a more realistic stereo experience.&lt;/p&gt;\r\n\r\n&lt;p&gt;Simple Dual-PairingPair your Level Box Pro with up to two devices &amp;ndash; be they smartphones, tablet PCs or laptops. After the first pairing your devices will sync automatically when Bluetooth is enabled.&lt;br /&gt;\r\n&amp;nbsp;&lt;/p&gt;', '32', '0', 5650.00, 30, 3955.00, 'samsung-level-box-pro-bluetooth-speaker-1.jpg,samsung-level-box-pro-bluetooth-speaker-2.jpg', 1, 1),
(23, 'Sensei Slicer - Single Edged Chef\'s Knife', 'sensei-slicer-single-edged-chef-s-knife', '&lt;p&gt;Cuts Paper-Thin Slices&lt;br /&gt;\r\nAir Holes Prevent Sticking&lt;br /&gt;\r\nComfort-Grip Handle&lt;br /&gt;\r\nMirror-Finish Carbon Steel&lt;br /&gt;\r\nDishwasher Safe&lt;br /&gt;\r\n40% Sharper Than Most Chef&amp;#39;s Knives!&lt;br /&gt;\r\nDull blades can be dangerous, leading to painful nicks and cuts. But not the Sensei Slicer! Unlike traditional double-beveled blades, its unique 6&amp;quot;L carbon steel blade is only sharpened on one side, which makes it 40% sharper &amp;ndash; and 100% safer!&lt;/p&gt;\r\n\r\n&lt;p&gt;Enjoy Safe, Precision Slicing!&lt;br /&gt;\r\nWith next-to-no effort you can create paper-thin slices from juicy, ripe tomatoes. And you can use this same, remarkable blade to chop crisp carrots, dice sticky cheese, slice hard, dry salami &amp;ndash; even peel and core tricky, tough pineapples! Japanese-style airholes in the blade prevent food from sticking so one swift, easy motion is all it takes to glide through most every food. The ergonomically designed wooden handle has special gripper dots that increase control while reducing fatigue. Best of all, the Sensei Slicer is dishwasher safe!&lt;/p&gt;', '23', '0', 1590.00, 39, 970.00, 'sensei-slicer-single-edged-chef-s-knife-1.jpg,sensei-slicer-single-edged-chef-s-knife-2.jpg,sensei-slicer-single-edged-chef-s-knife-3.jpg', 1, 1),
(24, 'Smart Swab Easy Earwax Removal', 'smart-swab-easy-earwax-removal', '&lt;p&gt;Smart Swab is a device which allow you to clean your ears by means of a spiral disposable tip.&amp;nbsp;&lt;br /&gt;\r\nThis product features a handle which looks and feels much like a toothbrush, offering an improved grip over earlier models.&amp;nbsp;&lt;br /&gt;\r\nDisposable spiral tips are attached to this handle which allow you to clean your ears more safely than with cotton swabs.&lt;/p&gt;\r\n\r\n&lt;p&gt;&lt;br /&gt;\r\nHandle. Earlier commercials for Smart Swab show a stick-like handle, but newer images feature a toothbrush-like design. The more recent design offers a superior grip and comfort while using Smart Swab. See images below.&lt;/p&gt;\r\n\r\n&lt;p&gt;Spiral tip. The key design element of Smart Swab is its soft grooved spiral head which is designed to be twisted in order to collect wax. It is tapered so that it can go into the ear, but not large enough to go too deep. The soft material is not harsh on the delicate inside area of the ear.&lt;/p&gt;\r\n\r\n&lt;p&gt;Disposable? The tips for Smart Swab are meant to be disposable, although there doesn&amp;rsquo;t seem to be any reason why you couldn&amp;rsquo;t disinfect them and re-use. For maximum safety, it is probably a good idea to use a new tip each time, however.&lt;/p&gt;\r\n\r\n&lt;p&gt;Comfort. Smart Swab is more comfortable to use than a cotton swab because it doesn&amp;rsquo;t reach as deeply into the ear, which is a good thing.&lt;/p&gt;\r\n\r\n&lt;ul&gt;\r\n &lt;li&gt;No Batteries Needed&lt;/li&gt;\r\n &lt;li&gt;Easy Earwax Removal&lt;/li&gt;\r\n &lt;li&gt;Soft &amp;amp; Flexible Tip&lt;/li&gt;\r\n &lt;li&gt;Prevents Earwax Buildup&lt;/li&gt;\r\n &lt;li&gt;Disposable Tips&lt;/li&gt;\r\n &lt;li&gt;Includes 1 Smart Swab Handle&lt;/li&gt;\r\n &lt;li&gt;Includes 16 Tips&lt;/li&gt;\r\n&lt;/ul&gt;', '23', '0', 1290.00, 45, 710.00, 'smart-swab-easy-earwax-removal-1.jpg,smart-swab-easy-earwax-removal-2.jpg,smart-swab-easy-earwax-removal-3.jpg', 1, 1),
(25, 'Monster Beats by Dr Dre Mini Bluetooth Speaker', 'monster-beats-by-dr-dre-mini-bluetooth-speaker', '&lt;p&gt;Product Features:&lt;br /&gt;\r\nThis bluetooth speaker integrated microphone will allow you to keep listening to your music or picking up a phone call .&lt;br /&gt;\r\n(1) Bluetooth Speaker&lt;br /&gt;\r\n(2) Play/pause, Forward/Back, Volume /- buttons&lt;br /&gt;\r\n(3) Integrated microphone&lt;br /&gt;\r\n(4) Handsfree for smartphone&lt;br /&gt;\r\n(5) Li-ion integrated battery&lt;br /&gt;\r\n&amp;nbsp;&amp;nbsp;&lt;br /&gt;\r\n&amp;nbsp; Compatible With:&lt;br /&gt;\r\nAll phones and smartphones with Bluetooth Tecnology :&amp;nbsp;&lt;/p&gt;\r\n\r\n&lt;ul&gt;\r\n &lt;li&gt;*Apple iPhone 3G 3GS 4 4S 5 5C 5S 6 6Plus&lt;/li&gt;\r\n &lt;li&gt;*Samsung Galaxy S Advance S2 S3 S4 S5 S6 Egde, Note Note2 Note3 Note4 Tab Core Mega Neo&lt;/li&gt;\r\n &lt;li&gt;*Sony Xperia&lt;/li&gt;\r\n &lt;li&gt;*LG Optimus&lt;/li&gt;\r\n &lt;li&gt;*HTC One&lt;/li&gt;\r\n &lt;li&gt;*Google Nexus&lt;/li&gt;\r\n &lt;li&gt;*Motorola&lt;/li&gt;\r\n &lt;li&gt;*Nokia Microsoft Lumia&lt;/li&gt;\r\n &lt;li&gt;*Huawei Ascend&lt;/li&gt;\r\n &lt;li&gt;*Blackberry Mp3 Players with Bluetooth technology.&lt;/li&gt;\r\n &lt;li&gt;&amp;nbsp;&lt;/li&gt;\r\n&lt;/ul&gt;\r\n\r\n&lt;p&gt;&amp;nbsp; Packing List:&lt;/p&gt;\r\n\r\n&lt;ul&gt;\r\n &lt;li&gt;&amp;nbsp;? 1 x Bluetooth Speaker&amp;nbsp;&lt;/li&gt;\r\n &lt;li&gt;&amp;nbsp;? 1 x Mini USB charging cable&lt;/li&gt;\r\n &lt;li&gt;&amp;nbsp;? 1 x User Manual&amp;nbsp;&lt;/li&gt;\r\n&lt;/ul&gt;', '32', '0', 1490.00, 33, 999.00, 'monster-beats-by-dr-dre-mini-bluetooth-speaker-1.jpg,monster-beats-by-dr-dre-mini-bluetooth-speaker-2.jpg,monster-beats-by-dr-dre-mini-bluetooth-speaker-3.jpg', 1, 1),
(26, 'REMAX WK S05 - Adjustable 360 Degree Rotating Car phone Holder', 'remax-wk-s05-adjustable-360-degree-rotating-car-phone-holder', '&lt;p&gt;WK Car Holder Holds The Hand Of Hand-Held Mobile Devices In The Car From The World&amp;#39;s Leading Equipment Manufacturers Smart Phone WK Hong Kong Goods Exported Worldwide. Good Quality Materials For Durability, Robustness, Ease Of Use And Convenience. For Those Who Need A Car. Take The Road For A Long Time Due To The Traffic Jam. Or Have To Travel Far To Use A Hand-Held WK Car Holder Can Be Scaled To Match The Size Of Your Cell.&amp;nbsp;&lt;br /&gt;\r\nKey Features&amp;nbsp;&lt;/p&gt;\r\n\r\n&lt;ul&gt;\r\n &lt;li&gt;&amp;middot; Arms Outstretched To Shake Hands Outstretched, Holding A 4.7 To 10 Inches.&amp;nbsp;&lt;/li&gt;\r\n &lt;li&gt;&amp;middot; Easy To Install, Requires No Tools.&amp;nbsp;&lt;/li&gt;\r\n &lt;li&gt;&amp;middot; Made From Premium Materials More Durable.&amp;nbsp;&lt;/li&gt;\r\n &lt;li&gt;&amp;middot; 360 Degree Rotation&amp;nbsp;&lt;/li&gt;\r\n&lt;/ul&gt;\r\n\r\n&lt;p&gt;Package Includes&amp;nbsp;&lt;br /&gt;\r\n1 X WK Remax Mobile Car Holder S05&lt;/p&gt;', '29', '0', 2450.00, 39, 1495.00, 'remax-wk-s05-adjustable-360-degree-rotating-car-phone-holder-1.jpg,remax-wk-s05-adjustable-360-degree-rotating-car-phone-holder-2.jpg,remax-wk-s05-adjustable-360-degree-rotating-car-phone-holder-3.jpg', 1, 1),
(27, 'Dual Purpose Powerful Vacuum Cleaner - Blowing &amp; Sucking', 'dual-purpose-powerful-vacuum-cleaner-blowing-sucking', '&lt;h6&gt;&lt;span style=&quot;font-size:18.0pt&quot;&gt;&lt;span style=&quot;font-family:&amp;quot;inherit&amp;quot;,&amp;quot;serif&amp;quot;&quot;&gt;&lt;span style=&quot;color:#444444&quot;&gt;1000 W Home &amp;amp; car Vacuum Cleaner Fully Portable for multi purpose use&lt;/span&gt;&lt;/span&gt;&lt;/span&gt;&lt;/h6&gt;\r\n\r\n&lt;ul&gt;\r\n &lt;li&gt;&lt;span style=&quot;background-color:white&quot;&gt;&lt;span style=&quot;font-size:10.0pt&quot;&gt;&lt;span style=&quot;font-family:&amp;quot;Arial&amp;quot;,&amp;quot;sans-serif&amp;quot;&quot;&gt;&lt;span style=&quot;color:#111111&quot;&gt;1Portable Vacuum Cleaner (220-240 V, 50 HZ, 1000 W)&lt;/span&gt;&lt;/span&gt;&lt;/span&gt;&lt;/span&gt;&lt;/li&gt;\r\n &lt;li&gt;&lt;span style=&quot;background-color:white&quot;&gt;&lt;span style=&quot;font-size:10.0pt&quot;&gt;&lt;span style=&quot;font-family:&amp;quot;Arial&amp;quot;,&amp;quot;sans-serif&amp;quot;&quot;&gt;&lt;span style=&quot;color:#111111&quot;&gt;Lightweight, Handheld Vacuum Cleaner Which Is Ideal For Daily Cleaning&lt;/span&gt;&lt;/span&gt;&lt;/span&gt;&lt;/span&gt;&lt;/li&gt;\r\n &lt;li&gt;&lt;span style=&quot;background-color:white&quot;&gt;&lt;span style=&quot;font-size:10.0pt&quot;&gt;&lt;span style=&quot;font-family:&amp;quot;Arial&amp;quot;,&amp;quot;sans-serif&amp;quot;&quot;&gt;&lt;span style=&quot;color:#111111&quot;&gt;It Working Both Suction And Blower Functions.&lt;/span&gt;&lt;/span&gt;&lt;/span&gt;&lt;/span&gt;&lt;/li&gt;\r\n &lt;li&gt;&lt;span style=&quot;background-color:white&quot;&gt;&lt;span style=&quot;font-size:10.0pt&quot;&gt;&lt;span style=&quot;font-family:&amp;quot;Arial&amp;quot;,&amp;quot;sans-serif&amp;quot;&quot;&gt;&lt;span style=&quot;color:#111111&quot;&gt;Blower Accessory For Multipurpose Use&lt;/span&gt;&lt;/span&gt;&lt;/span&gt;&lt;/span&gt;&lt;/li&gt;\r\n &lt;li&gt;&lt;span style=&quot;background-color:white&quot;&gt;&lt;span style=&quot;font-size:10.0pt&quot;&gt;&lt;span style=&quot;font-family:&amp;quot;Arial&amp;quot;,&amp;quot;sans-serif&amp;quot;&quot;&gt;&lt;span style=&quot;color:#111111&quot;&gt;Power: 1000 Watts; Operating Voltage: 220 - 240 Volts&lt;/span&gt;&lt;/span&gt;&lt;/span&gt;&lt;/span&gt;&lt;/li&gt;\r\n&lt;/ul&gt;\r\n\r\n&lt;p&gt;&amp;nbsp;&lt;/p&gt;\r\n\r\n&lt;p&gt;&amp;nbsp;&lt;/p&gt;\r\n\r\n&lt;p&gt;&amp;nbsp;&lt;/p&gt;\r\n\r\n&lt;p&gt;&amp;nbsp;&lt;/p&gt;', '23', '0', 5448.00, 22, 4250.00, 'dual-purpose-powerful-vacuum-cleaner-blowing-sucking-1.jpg,dual-purpose-powerful-vacuum-cleaner-blowing-sucking-2.jpg', 1, 1),
(28, 'HD Vision Visor - The day &amp; Night Visor for Safer Driving', 'hd-vision-visor-the-day-night-visor-for-safer-driving', '&lt;p&gt;&lt;span style=&quot;background-color:white&quot;&gt;&lt;span style=&quot;font-size:11.5pt&quot;&gt;&lt;span style=&quot;font-family:&amp;quot;Arial&amp;quot;,&amp;quot;sans-serif&amp;quot;&quot;&gt;&lt;span style=&quot;color:#494848&quot;&gt;HD Vision Visor&amp;#39;s secret is a clear polycarbonate specially tinted to diffuse strong sunlight and glare; and reduce headlight glare at night. It&amp;rsquo;s simple, easy, and requires no special tools or batteries. It works on any car, truck, or caravan as long as you have a visor already installed. &lt;/span&gt;&lt;/span&gt;&lt;/span&gt;&lt;/span&gt;&lt;/p&gt;\r\n\r\n&lt;ul&gt;\r\n &lt;li&gt;&lt;span style=&quot;background-color:white&quot;&gt;&lt;span style=&quot;font-size:11.5pt&quot;&gt;&lt;span style=&quot;font-family:&amp;quot;inherit&amp;quot;,&amp;quot;serif&amp;quot;&quot;&gt;&lt;span style=&quot;color:#494848&quot;&gt;Reduces blinding glare from the sun during the day&lt;/span&gt;&lt;/span&gt;&lt;/span&gt;&lt;/span&gt;&lt;/li&gt;\r\n&lt;/ul&gt;\r\n\r\n&lt;ul&gt;\r\n &lt;li&gt;&lt;span style=&quot;background-color:white&quot;&gt;&lt;span style=&quot;font-size:11.5pt&quot;&gt;&lt;span style=&quot;font-family:&amp;quot;inherit&amp;quot;,&amp;quot;serif&amp;quot;&quot;&gt;&lt;span style=&quot;color:#494848&quot;&gt;Brightens vision and cuts harsh headlight glare at night&lt;/span&gt;&lt;/span&gt;&lt;/span&gt;&lt;/span&gt;&lt;/li&gt;\r\n&lt;/ul&gt;\r\n\r\n&lt;ul&gt;\r\n &lt;li&gt;&lt;span style=&quot;background-color:white&quot;&gt;&lt;span style=&quot;font-size:11.5pt&quot;&gt;&lt;span style=&quot;font-family:&amp;quot;inherit&amp;quot;,&amp;quot;serif&amp;quot;&quot;&gt;&lt;span style=&quot;color:#494848&quot;&gt;Enhances colour, clarity and contrast&lt;/span&gt;&lt;/span&gt;&lt;/span&gt;&lt;/span&gt;&lt;/li&gt;\r\n&lt;/ul&gt;\r\n\r\n&lt;ul&gt;\r\n &lt;li&gt;&lt;span style=&quot;background-color:white&quot;&gt;&lt;span style=&quot;font-size:11.5pt&quot;&gt;&lt;span style=&quot;font-family:&amp;quot;inherit&amp;quot;,&amp;quot;serif&amp;quot;&quot;&gt;&lt;span style=&quot;color:#494848&quot;&gt;100% polycarbonate plastic&lt;/span&gt;&lt;/span&gt;&lt;/span&gt;&lt;/span&gt;&lt;/li&gt;\r\n&lt;/ul&gt;\r\n\r\n&lt;ul&gt;\r\n &lt;li&gt;&lt;span style=&quot;background-color:white&quot;&gt;&lt;span style=&quot;font-size:11.5pt&quot;&gt;&lt;span style=&quot;font-family:&amp;quot;inherit&amp;quot;,&amp;quot;serif&amp;quot;&quot;&gt;&lt;span style=&quot;color:#494848&quot;&gt;Quick and easy to install - clips onto any visor in seconds&lt;/span&gt;&lt;/span&gt;&lt;/span&gt;&lt;/span&gt;&lt;/li&gt;\r\n&lt;/ul&gt;', '29', '0', 2691.00, 35, 1750.00, 'hd-vision-visor-the-day-night-visor-for-safer-driving-1.jpg,hd-vision-visor-the-day-night-visor-for-safer-driving-2.jpg,hd-vision-visor-the-day-night-visor-for-safer-driving-3.jpg', 1, 1),
(29, 'HD Vision Wraparound Glasses 2 Pcs 1 Set', 'hd-vision-wraparound-glasses-2-pcs-1-set', '&lt;p&gt;&lt;strong&gt;&lt;span style=&quot;color:black&quot;&gt;&lt;span style=&quot;font-family:&amp;quot;Verdana&amp;quot;,&amp;quot;sans-serif&amp;quot;&quot;&gt;Reduces night driving glare and eye strain&lt;/span&gt;&lt;/span&gt;&lt;/strong&gt;&lt;/p&gt;\r\n\r\n&lt;p&gt;&lt;span style=&quot;font-family:&amp;quot;Verdana&amp;quot;,&amp;quot;sans-serif&amp;quot;&quot;&gt;&lt;span style=&quot;color:black&quot;&gt;HD night vision glasses improve color, clarity and optical definition, so you can see better when driving. The special anti-glare lenses reduce eye strain and glare from headlights, streetlights and traffic lights in wet or dark conditions. Plus, these fashionable Euro-style wraparounds fit easily over your prescription glasses, or can be worn alone! Perfect for men or women. Lightweight.&lt;/span&gt;&lt;/span&gt;&lt;/p&gt;', '29', '0', 1499.00, 34, 990.00, 'hd-vision-wraparound-glasses-2-pcs-1-set-1.jpg,hd-vision-wraparound-glasses-2-pcs-1-set-2.jpg,hd-vision-wraparound-glasses-2-pcs-1-set-3.jpg', 1, 1);
INSERT INTO `cart_product` (`product_id`, `product_name`, `product_url`, `product_description`, `category_url`, `sub_category_url`, `market_price`, `discount_percent`, `sale_price`, `product_banner`, `product_status`, `product_in_stock`) VALUES
(30, 'Hot Belt - Sweat Slim Slimming Belt', 'hot-belt-sweat-slim-slimming-belt', '&lt;p&gt;&amp;lt;p&amp;gt;&amp;lt;span style=&amp;quot;background-color:white&amp;quot;&amp;gt;&amp;lt;strong&amp;gt;&amp;lt;span style=&amp;quot;font-size:11.5pt&amp;quot;&amp;gt;&amp;lt;span style=&amp;quot;font-family:&amp;amp;quot;Helvetica&amp;amp;quot;,&amp;amp;quot;sans-serif&amp;amp;quot;&amp;quot;&amp;gt;&amp;lt;span style=&amp;quot;color:#333333&amp;quot;&amp;gt;Sweat Slim&amp;lt;/span&amp;gt;&amp;lt;/span&amp;gt;&amp;lt;/span&amp;gt;&amp;lt;/strong&amp;gt;&amp;lt;span style=&amp;quot;font-size:11.5pt&amp;quot;&amp;gt;&amp;lt;span style=&amp;quot;font-family:&amp;amp;quot;Helvetica&amp;amp;quot;,&amp;amp;quot;sans-serif&amp;amp;quot;&amp;quot;&amp;gt;&amp;lt;span style=&amp;quot;color:#333333&amp;quot;&amp;gt; is designed with the revolutionary and unique intelligent fibers, that naturally increase the body&amp;amp;#39;s natural heat, helping increase core temperature while wearing them, therefore helps sweating with a minimum effort, thus improving the results of your exercise routines and controlling the body areas that concern us the most.&amp;lt;/span&amp;gt;&amp;lt;/span&amp;gt;&amp;lt;/span&amp;gt;&amp;lt;/span&amp;gt;&amp;lt;/p&amp;gt; &amp;lt;p&amp;gt;&amp;amp;nbsp;&amp;lt;/p&amp;gt; &amp;lt;ul&amp;gt; &amp;lt;li&amp;gt;&amp;lt;span style=&amp;quot;background-color:white&amp;quot;&amp;gt;&amp;lt;span style=&amp;quot;font-size:10.0pt&amp;quot;&amp;gt;&amp;lt;span style=&amp;quot;font-family:&amp;amp;quot;Helvetica&amp;amp;quot;,&amp;amp;quot;sans-serif&amp;amp;quot;&amp;quot;&amp;gt;&amp;lt;span style=&amp;quot;color:#333333&amp;quot;&amp;gt;Sweat slim are fitness for everyday wear, with smart fabrics technology that increases core temperature helping your body sweat, sweat, sweat &amp;amp;amp; sweat more while wearing them during daily activities&amp;lt;/span&amp;gt;&amp;lt;/span&amp;gt;&amp;lt;/span&amp;gt;&amp;lt;/span&amp;gt;&amp;lt;/li&amp;gt; &amp;lt;li&amp;gt;&amp;lt;span style=&amp;quot;background-color:white&amp;quot;&amp;gt;&amp;lt;span style=&amp;quot;font-size:10.0pt&amp;quot;&amp;gt;&amp;lt;span style=&amp;quot;font-family:&amp;amp;quot;Helvetica&amp;amp;quot;,&amp;amp;quot;sans-serif&amp;amp;quot;&amp;quot;&amp;gt;&amp;lt;span style=&amp;quot;color:#333333&amp;quot;&amp;gt;The smart fabrics technology in increases core temperature during your daily activities, at home, exercise, sports, walk, run, baby walk or any physical activity&amp;lt;/span&amp;gt;&amp;lt;/span&amp;gt;&amp;lt;/span&amp;gt;&amp;lt;/span&amp;gt;&amp;lt;/li&amp;gt; &amp;lt;li&amp;gt;&amp;lt;span style=&amp;quot;background-color:white&amp;quot;&amp;gt;&amp;lt;span style=&amp;quot;font-size:10.0pt&amp;quot;&amp;gt;&amp;lt;span style=&amp;quot;font-family:&amp;amp;quot;Helvetica&amp;amp;quot;,&amp;amp;quot;sans-serif&amp;amp;quot;&amp;quot;&amp;gt;&amp;lt;span style=&amp;quot;color:#333333&amp;quot;&amp;gt;Sweat slim clothing can be worn while active regardless of what you are doing&amp;lt;/span&amp;gt;&amp;lt;/span&amp;gt;&amp;lt;/span&amp;gt;&amp;lt;/span&amp;gt;&amp;lt;/li&amp;gt; &amp;lt;li&amp;gt;&amp;lt;span style=&amp;quot;background-color:white&amp;quot;&amp;gt;&amp;lt;span style=&amp;quot;font-size:10.0pt&amp;quot;&amp;gt;&amp;lt;span style=&amp;quot;font-family:&amp;amp;quot;Helvetica&amp;amp;quot;,&amp;amp;quot;sans-serif&amp;amp;quot;&amp;quot;&amp;gt;&amp;lt;span style=&amp;quot;color:#333333&amp;quot;&amp;gt;Maximizes fitness routines&amp;lt;/span&amp;gt;&amp;lt;/span&amp;gt;&amp;lt;/span&amp;gt;&amp;lt;/span&amp;gt;&amp;lt;/li&amp;gt; &amp;lt;li&amp;gt;&amp;lt;span style=&amp;quot;background-color:white&amp;quot;&amp;gt;&amp;lt;span style=&amp;quot;font-size:10.0pt&amp;quot;&amp;gt;&amp;lt;span style=&amp;quot;font-family:&amp;amp;quot;Helvetica&amp;amp;quot;,&amp;amp;quot;sans-serif&amp;amp;quot;&amp;quot;&amp;gt;&amp;lt;span style=&amp;quot;color:#333333&amp;quot;&amp;gt;Slim waist tummy and tights&amp;lt;/span&amp;gt;&amp;lt;/span&amp;gt;&amp;lt;/span&amp;gt;&amp;lt;/span&amp;gt;&amp;lt;/li&amp;gt; &amp;lt;li&amp;gt;&amp;lt;span style=&amp;quot;background-color:white&amp;quot;&amp;gt;&amp;lt;span style=&amp;quot;font-size:10.0pt&amp;quot;&amp;gt;&amp;lt;span style=&amp;quot;font-family:&amp;amp;quot;Helvetica&amp;amp;quot;,&amp;amp;quot;sans-serif&amp;amp;quot;&amp;quot;&amp;gt;&amp;lt;span style=&amp;quot;color:#333333&amp;quot;&amp;gt;Increase your core body temperature&amp;lt;/span&amp;gt;&amp;lt;/span&amp;gt;&amp;lt;/span&amp;gt;?&amp;lt;/span&amp;gt;&amp;lt;/li&amp;gt; &amp;lt;li&amp;gt;&amp;lt;span style=&amp;quot;background-color:white&amp;quot;&amp;gt;&amp;lt;span style=&amp;quot;font-size:10.0pt&amp;quot;&amp;gt;&amp;lt;span style=&amp;quot;font-family:&amp;amp;quot;Helvetica&amp;amp;quot;,&amp;amp;quot;sans-serif&amp;amp;quot;&amp;quot;&amp;gt;&amp;lt;span style=&amp;quot;color:#333333&amp;quot;&amp;gt;Improve your overall well-being.&amp;lt;/span&amp;gt;&amp;lt;/span&amp;gt;&amp;lt;/span&amp;gt;&amp;lt;/span&amp;gt;&amp;lt;/li&amp;gt; &amp;lt;/ul&amp;gt; &amp;lt;p&amp;gt;&amp;lt;span style=&amp;quot;font-size:10.0pt&amp;quot;&amp;gt;&amp;lt;span style=&amp;quot;font-family:&amp;amp;quot;Helvetica&amp;amp;quot;,&amp;amp;quot;sans-serif&amp;amp;quot;&amp;quot;&amp;gt;&amp;lt;span style=&amp;quot;color:#333333&amp;quot;&amp;gt;It is recommended to wash it after each use, particularly after exercising. Hand wash in cold water with a&amp;amp;nbsp;&amp;lt;/span&amp;gt;&amp;lt;/span&amp;gt;&amp;lt;/span&amp;gt;&amp;lt;span style=&amp;quot;background-color:white&amp;quot;&amp;gt;&amp;lt;span style=&amp;quot;font-size:10.0pt&amp;quot;&amp;gt;&amp;lt;span style=&amp;quot;font-family:&amp;amp;quot;Helvetica&amp;amp;quot;,&amp;amp;quot;sans-serif&amp;amp;quot;&amp;quot;&amp;gt;&amp;lt;span style=&amp;quot;color:#333333&amp;quot;&amp;gt;soft detergent. Squeeze out and drain&amp;lt;/span&amp;gt;&amp;lt;/span&amp;gt;&amp;lt;/span&amp;gt;&amp;lt;/span&amp;gt;&amp;lt;/p&amp;gt;&lt;/p&gt;', '23', '0', 2499.00, 42, 1450.00, 'hot-belt-sweat-slim-slimming-belt-1.jpg,hot-belt-sweat-slim-slimming-belt-2.jpg,hot-belt-sweat-slim-slimming-belt-3.jpg', 1, 1),
(31, 'E Table - Flexible Portable Laptop Table', 'e-table-flexible-portable-laptop-table', '&lt;p&gt;&lt;span style=&quot;font-size:14px&quot;&gt;&lt;span style=&quot;background-color:#faf8f4&quot;&gt;&lt;span style=&quot;background-color:white&quot;&gt;&lt;span style=&quot;font-family:&amp;quot;Helvetica&amp;quot;,&amp;quot;sans-serif&amp;quot;&quot;&gt;&lt;span style=&quot;color:#464646&quot;&gt;Laptop E Table could be used as a portable laptop table, laptop holder, bed table, reading table and many more. This table is also suitable for car and traveling purpose. It comes with a Dual cooling fans powered by USB for excellent cooling performance. Its adjustable Height, Cup tray and mouse pad design is perfect for sofa, bed, car or floor when using notebook, reading, writing, eating or drawing. It is made from high quality plastic which makes it durable to use.&lt;/span&gt;&lt;/span&gt;&lt;/span&gt;&lt;/span&gt;&lt;/span&gt;&lt;/p&gt;\r\n\r\n&lt;p&gt;&amp;nbsp;&lt;/p&gt;\r\n\r\n&lt;p&gt;&amp;nbsp;&lt;/p&gt;\r\n\r\n&lt;ul&gt;\r\n &lt;li&gt;&lt;span style=&quot;font-size:13.5pt&quot;&gt;&lt;span style=&quot;font-family:&amp;quot;Arial&amp;quot;,&amp;quot;sans-serif&amp;quot;&quot;&gt;&lt;span style=&quot;color:black&quot;&gt;&lt;span style=&quot;font-size:14px&quot;&gt;Easy to use even as a new beginner.&lt;/span&gt;&lt;/span&gt;&lt;/span&gt;&lt;/span&gt;&lt;/li&gt;\r\n &lt;li&gt;&lt;span style=&quot;font-size:14px&quot;&gt;&lt;span style=&quot;font-family:&amp;quot;Arial&amp;quot;,&amp;quot;sans-serif&amp;quot;&quot;&gt;&lt;span style=&quot;color:black&quot;&gt;Desk made of plastic with a mouse platform.&lt;/span&gt;&lt;/span&gt;&lt;/span&gt;&lt;/li&gt;\r\n &lt;li&gt;&lt;span style=&quot;font-size:14px&quot;&gt;&lt;span style=&quot;font-family:&amp;quot;Arial&amp;quot;,&amp;quot;sans-serif&amp;quot;&quot;&gt;&lt;span style=&quot;color:black&quot;&gt;Legs made of plastic with metal cores&lt;/span&gt;&lt;/span&gt;&lt;/span&gt;&lt;/li&gt;\r\n &lt;li&gt;&lt;span style=&quot;font-size:14px&quot;&gt;&lt;span style=&quot;font-family:&amp;quot;Arial&amp;quot;,&amp;quot;sans-serif&amp;quot;&quot;&gt;&lt;span style=&quot;color:black&quot;&gt;Provided with two USB fans and one universal USB cable, can be as a cooler&lt;/span&gt;&lt;/span&gt;&lt;/span&gt;&lt;/li&gt;\r\n &lt;li&gt;&lt;span style=&quot;font-size:14px&quot;&gt;&lt;span style=&quot;font-family:&amp;quot;Arial&amp;quot;,&amp;quot;sans-serif&amp;quot;&quot;&gt;&lt;span style=&quot;color:black&quot;&gt;You can use the USB cable to insert any USB port, the fan can be worked&lt;/span&gt;&lt;/span&gt;&lt;/span&gt;&lt;/li&gt;\r\n &lt;li&gt;&lt;span style=&quot;font-size:14px&quot;&gt;&lt;span style=&quot;font-family:&amp;quot;Arial&amp;quot;,&amp;quot;sans-serif&amp;quot;&quot;&gt;&lt;span style=&quot;color:black&quot;&gt;Wide application, can not only be used as a cooler, but also as a laptop /reading table in family and school,&amp;nbsp;in an office and a car and travel.&lt;/span&gt;&lt;/span&gt;&lt;/span&gt;&lt;/li&gt;\r\n &lt;li&gt;&lt;span style=&quot;font-size:14px&quot;&gt;&lt;span style=&quot;font-family:&amp;quot;Arial&amp;quot;,&amp;quot;sans-serif&amp;quot;&quot;&gt;&lt;span style=&quot;color:black&quot;&gt;Easy for operation, set up in a few seconds.&lt;/span&gt;&lt;/span&gt;&lt;/span&gt;&lt;/li&gt;\r\n &lt;li&gt;&lt;span style=&quot;font-size:14px&quot;&gt;&lt;span style=&quot;font-family:&amp;quot;Arial&amp;quot;,&amp;quot;sans-serif&amp;quot;&quot;&gt;&lt;span style=&quot;color:black&quot;&gt;Suitable for 15&amp;#39;&amp;#39; or 15&amp;quot; below notebook,not suitable for 17&amp;quot; laptop.&lt;/span&gt;&lt;/span&gt;&lt;/span&gt;&lt;/li&gt;\r\n &lt;li&gt;&lt;span style=&quot;font-size:14px&quot;&gt;&lt;span style=&quot;font-family:&amp;quot;Arial&amp;quot;,&amp;quot;sans-serif&amp;quot;&quot;&gt;&lt;span style=&quot;color:black&quot;&gt;Legs adjustable to any comfortable angles when in use&lt;/span&gt;&lt;/span&gt;&lt;/span&gt;&lt;/li&gt;\r\n&lt;/ul&gt;\r\n\r\n&lt;p&gt;&amp;nbsp;&lt;/p&gt;\r\n\r\n&lt;p&gt;&amp;nbsp;&amp;nbsp;&amp;nbsp;&amp;nbsp;&amp;nbsp;&amp;nbsp;&amp;nbsp;&amp;nbsp;&amp;nbsp;&amp;nbsp;&amp;nbsp;&amp;nbsp;&amp;nbsp;&amp;nbsp;&lt;/p&gt;', '23', '0', 2855.00, 23, 2199.00, 'e-table-flexible-portable-laptop-table-1.jpg,e-table-flexible-portable-laptop-table-2.jpg,e-table-flexible-portable-laptop-table-3.jpg', 1, 1),
(32, 'Solar Powered Rechargeable Camping Lantern', 'solar-powered-rechargeable-camping-lantern', '&lt;p&gt;Solar Power Light Rechargeable 6 LED Camping Lantern BlackWhile traveling or camping in the faraway lands, you just can&amp;rsquo;t rely on batteries as there&amp;rsquo;s no mode of charging them timely. LED Multi-Functional Camping light is an indoor/outdoor/patio light that provides light as needed, when needed most. The feature that makes it one of the most outstanding innovations of time is the solar charging facility. This essential lantern is a must have for the house, or for any outdoor activity especially during emergencies.&lt;/p&gt;\r\n\r\n&lt;p&gt;&lt;strong&gt;Specifications:&amp;nbsp;&lt;/strong&gt;&lt;/p&gt;\r\n\r\n&lt;ul&gt;\r\n &lt;li&gt;1. Material: transparent plastic PC / ABS&amp;nbsp;&lt;/li&gt;\r\n &lt;li&gt;2. Diameter:7.7cm&amp;nbsp;&lt;/li&gt;\r\n &lt;li&gt;3. High:15-20cm(20when pull up)&amp;nbsp;&lt;/li&gt;\r\n &lt;li&gt;4. Weight: 325g&amp;nbsp;&lt;/li&gt;\r\n &lt;li&gt;5. Charging time from AC adapter: 3-4 hours&amp;nbsp;&lt;/li&gt;\r\n &lt;li&gt;6. Working time from AC adapter: 5-6 hours&amp;nbsp;&lt;/li&gt;\r\n &lt;li&gt;7. Color:&amp;nbsp;Black / Gold&amp;nbsp;&amp;nbsp;&lt;/li&gt;\r\n &lt;li&gt;8. Charge: Can be charged by DC power or solar power&amp;nbsp;&lt;/li&gt;\r\n&lt;/ul&gt;\r\n\r\n&lt;p&gt;&lt;strong&gt;Package includes:&amp;nbsp;&lt;/strong&gt;&lt;br /&gt;\r\n1 x Super Bright Rechargeable Camping Lantern&amp;nbsp;&lt;/p&gt;\r\n\r\n&lt;p&gt;1 x charge cable&lt;/p&gt;', '23', '0', 1700.00, 50, 850.00, 'solar-powered-rechargeable-camping-lantern-1.jpg,solar-powered-rechargeable-camping-lantern-2.jpg,solar-powered-rechargeable-camping-lantern-3.jpg', 1, 1),
(33, 'Nicer Dicer Plus - Black Edition', 'nicer-dicer-plus-black-edition', '&lt;p&gt;&lt;span style=&quot;font-size:10.0pt&quot;&gt;&lt;span style=&quot;font-family:&amp;quot;Arial&amp;quot;,&amp;quot;sans-serif&amp;quot;&quot;&gt;Nicer Dicer With Plus you have a kitchen helper, who will shorten the cooking time from start of preparation to the serving of the meal tremendously. Food must be cut into cubes, sticks, strips, quarters or eighths - the costs not only time but you need countless kitchen tools (knives, bowls, cutting boards, etc.) that can not always at hand and plenty of storage space in the kitchen to complete. Nicer Dicer with the Plus is no longer a problem - you have everything in one handy set! Simple and space saving as it gets!&lt;/span&gt;&lt;/span&gt;&lt;/p&gt;\r\n\r\n&lt;p&gt;&amp;nbsp;&lt;/p&gt;\r\n\r\n&lt;p&gt;&lt;strong&gt;&lt;span style=&quot;font-size:12.0pt&quot;&gt;&lt;span style=&quot;font-family:&amp;quot;Arial&amp;quot;,&amp;quot;sans-serif&amp;quot;&quot;&gt;Package Included:&lt;/span&gt;&lt;/span&gt;&lt;/strong&gt;&lt;/p&gt;\r\n\r\n&lt;p&gt;&lt;span style=&quot;font-size:10.0pt&quot;&gt;&lt;span style=&quot;font-family:&amp;quot;Arial&amp;quot;,&amp;quot;sans-serif&amp;quot;&quot;&gt;1 x cutting-top with integrated pin grid&lt;/span&gt;&lt;/span&gt;&lt;/p&gt;\r\n\r\n&lt;p&gt;&lt;span style=&quot;font-size:10.0pt&quot;&gt;&lt;span style=&quot;font-family:&amp;quot;Arial&amp;quot;,&amp;quot;sans-serif&amp;quot;&quot;&gt;1 x cutting-base&lt;/span&gt;&lt;/span&gt;&lt;/p&gt;\r\n\r\n&lt;p&gt;&lt;span style=&quot;font-size:10.0pt&quot;&gt;&lt;span style=&quot;font-family:&amp;quot;Arial&amp;quot;,&amp;quot;sans-serif&amp;quot;&quot;&gt;1 x transparent collector (capacity 1,500 ml)&lt;/span&gt;&lt;/span&gt;&lt;/p&gt;\r\n\r\n&lt;p&gt;&lt;span style=&quot;font-size:10.0pt&quot;&gt;&lt;span style=&quot;font-family:&amp;quot;Arial&amp;quot;,&amp;quot;sans-serif&amp;quot;&quot;&gt;1 x Cover for holding a fresh collection container&lt;/span&gt;&lt;/span&gt;&lt;/p&gt;\r\n\r\n&lt;p&gt;&lt;span style=&quot;font-size:10.0pt&quot;&gt;&lt;span style=&quot;font-family:&amp;quot;Arial&amp;quot;,&amp;quot;sans-serif&amp;quot;&quot;&gt;1 x blade assembly (6 mm x 6 mm or 12 mm x 12 mm)&lt;/span&gt;&lt;/span&gt;&lt;/p&gt;\r\n\r\n&lt;p&gt;&lt;span style=&quot;font-size:10.0pt&quot;&gt;&lt;span style=&quot;font-family:&amp;quot;Arial&amp;quot;,&amp;quot;sans-serif&amp;quot;&quot;&gt;1 x blade assembly (6 mm x 36 mm or 18 mm x 18 mm)&lt;/span&gt;&lt;/span&gt;&lt;/p&gt;\r\n\r\n&lt;p&gt;&lt;span style=&quot;font-size:10.0pt&quot;&gt;&lt;span style=&quot;font-family:&amp;quot;Arial&amp;quot;,&amp;quot;sans-serif&amp;quot;&quot;&gt;1 x knife used for quarters or eighths&lt;/span&gt;&lt;/span&gt;&lt;/p&gt;\r\n\r\n&lt;p&gt;&lt;span style=&quot;font-size:10.0pt&quot;&gt;&lt;span style=&quot;font-family:&amp;quot;Arial&amp;quot;,&amp;quot;sans-serif&amp;quot;&quot;&gt;1 x plug-cutting punch for eighth&lt;/span&gt;&lt;/span&gt;&lt;/p&gt;\r\n\r\n&lt;p&gt;&lt;span style=&quot;font-size:10.0pt&quot;&gt;&lt;span style=&quot;font-family:&amp;quot;Arial&amp;quot;,&amp;quot;sans-serif&amp;quot;&quot;&gt;1 x part-cover for all blade inserts&lt;/span&gt;&lt;/span&gt;&lt;/p&gt;\r\n\r\n&lt;p&gt;&lt;span style=&quot;font-size:10.0pt&quot;&gt;&lt;span style=&quot;font-family:&amp;quot;Arial&amp;quot;,&amp;quot;sans-serif&amp;quot;&quot;&gt;1 x professional peeler&lt;/span&gt;&lt;/span&gt;&lt;/p&gt;\r\n\r\n&lt;p&gt;&lt;span style=&quot;font-size:10.0pt&quot;&gt;&lt;span style=&quot;font-family:&amp;quot;Arial&amp;quot;,&amp;quot;sans-serif&amp;quot;&quot;&gt;1 x Recipe book included&lt;/span&gt;&lt;/span&gt;&lt;/p&gt;', '23', '0', 2750.00, 40, 1650.00, 'nicer-dicer-plus-black-edition-1.jpg,nicer-dicer-plus-black-edition-2.jpg,nicer-dicer-plus-black-edition-3.jpg,nicer-dicer-plus-black-edition-4.jpg', 1, 1),
(34, 'Paint Zoom - Electric Paint Sprayer', 'paint-zoom-electric-paint-sprayer', '&lt;p&gt;&lt;span style=&quot;font-size:11.5pt&quot;&gt;&lt;span style=&quot;font-family:&amp;quot;Arial&amp;quot;,&amp;quot;sans-serif&amp;quot;&quot;&gt;&lt;span style=&quot;color:#262626&quot;&gt;This product is perfect for painting small jobs and projects such as fences or furniture. It&amp;#39;s new and advanced system give your items beautiful, smooth and 100% coverage. The Material of this paint sprayer is very light, and makes you easy to carry and assemble. No more drips, spills or splatters - just pull the trigger and paint!&lt;/span&gt;&lt;/span&gt;&lt;/span&gt;&lt;/p&gt;\r\n\r\n&lt;p&gt;&amp;nbsp;&lt;/p&gt;\r\n\r\n&lt;p&gt;&lt;strong&gt;&lt;span style=&quot;font-size:15.0pt&quot;&gt;&lt;span style=&quot;font-family:&amp;quot;Arial&amp;quot;,&amp;quot;sans-serif&amp;quot;&quot;&gt;&lt;span style=&quot;color:black&quot;&gt;Features&lt;/span&gt;&lt;/span&gt;&lt;/span&gt;&lt;/strong&gt;&lt;/p&gt;\r\n\r\n&lt;ul&gt;\r\n &lt;li&gt;&lt;span style=&quot;font-size:11.5pt&quot;&gt;&lt;span style=&quot;font-family:&amp;quot;Arial&amp;quot;,&amp;quot;sans-serif&amp;quot;&quot;&gt;&lt;span style=&quot;color:#262626&quot;&gt;Quick Start and light.&lt;/span&gt;&lt;/span&gt;&lt;/span&gt;&lt;/li&gt;\r\n &lt;li&gt;&lt;span style=&quot;font-size:11.5pt&quot;&gt;&lt;span style=&quot;font-family:&amp;quot;Arial&amp;quot;,&amp;quot;sans-serif&amp;quot;&quot;&gt;&lt;span style=&quot;color:#262626&quot;&gt;Easy to carry, use, and clean&lt;/span&gt;&lt;/span&gt;&lt;/span&gt;&lt;/li&gt;\r\n &lt;li&gt;&lt;span style=&quot;font-size:11.5pt&quot;&gt;&lt;span style=&quot;font-family:&amp;quot;Arial&amp;quot;,&amp;quot;sans-serif&amp;quot;&quot;&gt;&lt;span style=&quot;color:#262626&quot;&gt;For all kinds of paint&lt;/span&gt;&lt;/span&gt;&lt;/span&gt;&lt;/li&gt;\r\n &lt;li&gt;&lt;span style=&quot;font-size:11.5pt&quot;&gt;&lt;span style=&quot;font-family:&amp;quot;Arial&amp;quot;,&amp;quot;sans-serif&amp;quot;&quot;&gt;&lt;span style=&quot;color:#262626&quot;&gt;Work from any angle&lt;/span&gt;&lt;/span&gt;&lt;/span&gt;&lt;/li&gt;\r\n &lt;li&gt;&lt;span style=&quot;font-size:11.5pt&quot;&gt;&lt;span style=&quot;font-family:&amp;quot;Arial&amp;quot;,&amp;quot;sans-serif&amp;quot;&quot;&gt;&lt;span style=&quot;color:#262626&quot;&gt;For both indoor and outdoor furniture and walls.&lt;/span&gt;&lt;/span&gt;&lt;/span&gt;&lt;/li&gt;\r\n &lt;li&gt;&lt;span style=&quot;font-size:11.5pt&quot;&gt;&lt;span style=&quot;font-family:&amp;quot;Arial&amp;quot;,&amp;quot;sans-serif&amp;quot;&quot;&gt;&lt;span style=&quot;color:#262626&quot;&gt;Non Drip &lt;/span&gt;&lt;/span&gt;&lt;/span&gt;&lt;/li&gt;\r\n&lt;/ul&gt;\r\n\r\n&lt;p&gt;&lt;strong&gt;&lt;span style=&quot;font-size:15.0pt&quot;&gt;&lt;span style=&quot;font-family:&amp;quot;Arial&amp;quot;,&amp;quot;sans-serif&amp;quot;&quot;&gt;&lt;span style=&quot;color:black&quot;&gt;Specifications&lt;/span&gt;&lt;/span&gt;&lt;/span&gt;&lt;/strong&gt;&lt;/p&gt;\r\n\r\n&lt;ul&gt;\r\n &lt;li&gt;&lt;span style=&quot;font-size:11.5pt&quot;&gt;&lt;span style=&quot;font-family:&amp;quot;Arial&amp;quot;,&amp;quot;sans-serif&amp;quot;&quot;&gt;&lt;span style=&quot;color:#262626&quot;&gt;Container capacity: 800 ml&lt;/span&gt;&lt;/span&gt;&lt;/span&gt;&lt;/li&gt;\r\n &lt;li&gt;&lt;span style=&quot;font-size:11.5pt&quot;&gt;&lt;span style=&quot;font-family:&amp;quot;Arial&amp;quot;,&amp;quot;sans-serif&amp;quot;&quot;&gt;&lt;span style=&quot;color:#262626&quot;&gt;Voltage: 220&lt;/span&gt;&lt;/span&gt;&lt;/span&gt;&lt;span style=&quot;font-size:11.5pt&quot;&gt;&lt;span style=&quot;font-family:&amp;quot;MS Gothic&amp;quot;&quot;&gt;&lt;span style=&quot;color:#262626&quot;&gt;?&lt;/span&gt;&lt;/span&gt;&lt;/span&gt;&lt;span style=&quot;font-size:11.5pt&quot;&gt;&lt;span style=&quot;font-family:&amp;quot;Arial&amp;quot;,&amp;quot;sans-serif&amp;quot;&quot;&gt;&lt;span style=&quot;color:#262626&quot;&gt;230V/50Hz&lt;/span&gt;&lt;/span&gt;&lt;/span&gt;&lt;/li&gt;\r\n &lt;li&gt;&lt;span style=&quot;font-size:11.5pt&quot;&gt;&lt;span style=&quot;font-family:&amp;quot;Arial&amp;quot;,&amp;quot;sans-serif&amp;quot;&quot;&gt;&lt;span style=&quot;color:#262626&quot;&gt;Power: 650W&lt;/span&gt;&lt;/span&gt;&lt;/span&gt;&lt;/li&gt;\r\n &lt;li&gt;&lt;span style=&quot;font-size:11.5pt&quot;&gt;&lt;span style=&quot;font-family:&amp;quot;Arial&amp;quot;,&amp;quot;sans-serif&amp;quot;&quot;&gt;&lt;span style=&quot;color:#262626&quot;&gt;Hose length: 1.5m&lt;/span&gt;&lt;/span&gt;&lt;/span&gt;&lt;/li&gt;\r\n &lt;li&gt;&lt;span style=&quot;font-size:11.5pt&quot;&gt;&lt;span style=&quot;font-family:&amp;quot;Arial&amp;quot;,&amp;quot;sans-serif&amp;quot;&quot;&gt;&lt;span style=&quot;color:#262626&quot;&gt;Nozzle material: plastic&lt;/span&gt;&lt;/span&gt;&lt;/span&gt;&lt;/li&gt;\r\n &lt;li&gt;&lt;span style=&quot;font-size:11.5pt&quot;&gt;&lt;span style=&quot;font-family:&amp;quot;Arial&amp;quot;,&amp;quot;sans-serif&amp;quot;&quot;&gt;&lt;span style=&quot;color:#262626&quot;&gt;Nozzle Size: &amp;Phi;2.5mm&lt;/span&gt;&lt;/span&gt;&lt;/span&gt;&lt;/li&gt;\r\n &lt;li&gt;&lt;span style=&quot;font-size:11.5pt&quot;&gt;&lt;span style=&quot;font-family:&amp;quot;Arial&amp;quot;,&amp;quot;sans-serif&amp;quot;&quot;&gt;&lt;span style=&quot;color:#262626&quot;&gt;Motor speed: 32000r/min&lt;/span&gt;&lt;/span&gt;&lt;/span&gt;&lt;/li&gt;\r\n &lt;li&gt;&lt;span style=&quot;font-size:11.5pt&quot;&gt;&lt;span style=&quot;font-family:&amp;quot;Arial&amp;quot;,&amp;quot;sans-serif&amp;quot;&quot;&gt;&lt;span style=&quot;color:#262626&quot;&gt;Gross/Net Weight: 2.2/1.8kg&lt;/span&gt;&lt;/span&gt;&lt;/span&gt;&lt;/li&gt;\r\n &lt;li&gt;&lt;span style=&quot;font-size:11.5pt&quot;&gt;&lt;span style=&quot;font-family:&amp;quot;Arial&amp;quot;,&amp;quot;sans-serif&amp;quot;&quot;&gt;&lt;span style=&quot;color:#262626&quot;&gt;Maximum Viscosity: 130 DIN&lt;/span&gt;&lt;/span&gt;&lt;/span&gt;&lt;/li&gt;\r\n &lt;li&gt;&lt;span style=&quot;font-size:11.5pt&quot;&gt;&lt;span style=&quot;font-family:&amp;quot;Arial&amp;quot;,&amp;quot;sans-serif&amp;quot;&quot;&gt;&lt;span style=&quot;color:#262626&quot;&gt;Custom Label B40-002&lt;/span&gt;&lt;/span&gt;&lt;/span&gt;&lt;/li&gt;\r\n&lt;/ul&gt;', '25', '7', 6785.00, 30, 4750.00, 'paint-zoom-electric-paint-sprayer-1.jpg,paint-zoom-electric-paint-sprayer-2.jpg,paint-zoom-electric-paint-sprayer-3.jpg', 1, 1),
(35, 'Table Mate  Folding Table for Home Office Laptop Dining Reading', 'table-mate-folding-table-for-home-office-laptop-dining-reading', '&lt;ul&gt;\r\n &lt;li&gt;Amazing furniture that fits according to space.&lt;/li&gt;\r\n &lt;li&gt;It is available in 6 Different heights and with 3 Angles.&lt;/li&gt;\r\n &lt;li&gt;2 minutes assembly without any tools or fasteners.&lt;/li&gt;\r\n &lt;li&gt;Great for students who needs to study and has less space.&lt;/li&gt;\r\n &lt;li&gt;Folds into a semi-folded position for storage next to a chair or completely folded configuration.&lt;/li&gt;\r\n&lt;/ul&gt;', '23', '0', 3291.00, 40, 1975.00, 'table-mate-folding-table-for-home-office-laptop-dining-reading-1.jpg,table-mate-folding-table-for-home-office-laptop-dining-reading-2.jpg,table-mate-folding-table-for-home-office-laptop-dining-reading-3.jpg', 1, 1),
(36, 'Magic Bullet Blender - 21 pcs Set', 'magic-bullet-blender-21-pcs-set', '&lt;p style=&quot;margin-left:.5in&quot;&gt;&lt;span style=&quot;font-size:14px&quot;&gt;&lt;span style=&quot;font-family:Arial,Helvetica,sans-serif&quot;&gt;&lt;strong&gt;&lt;span style=&quot;color:#444444&quot;&gt;Stow away those bulky blenders and unwieldy food processors, and let the Magic Bullet work its charms!&lt;/span&gt;&lt;/strong&gt;&lt;/span&gt;&lt;/span&gt;&lt;br /&gt;\r\n&lt;br /&gt;\r\n&lt;span style=&quot;font-size:14px&quot;&gt;&lt;span style=&quot;font-family:Arial,Helvetica,sans-serif&quot;&gt;&lt;span style=&quot;color:#444444&quot;&gt;Handy, versatile and easy to use, the Magic Bullet takes up minimal counter space while showcasing maximum speed and versatility. With its unique design and compact size, the Magic Bullet chops, mixes, blends, whips, grinds and more in less time than it takes to assemble standard kitchen appliances. And with a wide array of dishwasher-safe attachments, clean up is as easy as it gets.&lt;/span&gt;&lt;/span&gt;&lt;/span&gt;&lt;/p&gt;\r\n\r\n&lt;p&gt;&lt;span style=&quot;font-size:14px&quot;&gt;&lt;span style=&quot;font-family:Arial,Helvetica,sans-serif&quot;&gt;&lt;strong&gt;Product Highlights&lt;/strong&gt;&lt;/span&gt;&lt;/span&gt;&lt;/p&gt;\r\n\r\n&lt;ul&gt;\r\n &lt;li&gt;&lt;span style=&quot;font-size:14px&quot;&gt;&lt;span style=&quot;font-family:Arial,Helvetica,sans-serif&quot;&gt;&lt;span style=&quot;color:#444444&quot;&gt;Hi-speed blender and mixer system&lt;/span&gt;&lt;/span&gt;&lt;/span&gt;&lt;/li&gt;\r\n &lt;li&gt;&lt;span style=&quot;font-size:14px&quot;&gt;&lt;span style=&quot;font-family:Arial,Helvetica,sans-serif&quot;&gt;&lt;span style=&quot;color:#444444&quot;&gt;250-Watt Motor&lt;/span&gt;&lt;/span&gt;&lt;/span&gt;&lt;/li&gt;\r\n &lt;li&gt;&lt;span style=&quot;font-size:14px&quot;&gt;&lt;span style=&quot;font-family:Arial,Helvetica,sans-serif&quot;&gt;&lt;span style=&quot;color:#444444&quot;&gt;Super-versatile appliance: it mixes, chops, whips, and grinds&lt;/span&gt;&lt;/span&gt;&lt;/span&gt;&lt;/li&gt;\r\n &lt;li&gt;&lt;span style=&quot;font-size:14px&quot;&gt;&lt;span style=&quot;font-family:Arial,Helvetica,sans-serif&quot;&gt;&lt;span style=&quot;color:#444444&quot;&gt;Easy to use, easy to clean&lt;/span&gt;&lt;/span&gt;&lt;/span&gt;&lt;/li&gt;\r\n &lt;li&gt;&lt;span style=&quot;font-size:14px&quot;&gt;&lt;span style=&quot;font-family:Arial,Helvetica,sans-serif&quot;&gt;&lt;span style=&quot;color:#444444&quot;&gt;Dishwasher safe components&lt;/span&gt;&lt;/span&gt;&lt;/span&gt;&lt;/li&gt;\r\n &lt;li&gt;&lt;span style=&quot;font-size:14px&quot;&gt;&lt;span style=&quot;font-family:Arial,Helvetica,sans-serif&quot;&gt;&lt;span style=&quot;color:#444444&quot;&gt;Quick assembly&lt;/span&gt;&lt;/span&gt;&lt;/span&gt;&lt;/li&gt;\r\n&lt;/ul&gt;\r\n\r\n&lt;p&gt;&lt;span style=&quot;font-size:14px&quot;&gt;&lt;span style=&quot;font-family:Arial,Helvetica,sans-serif&quot;&gt;&lt;strong&gt;&lt;span style=&quot;background-color:white&quot;&gt;&lt;span style=&quot;color:#666666&quot;&gt;Product includes&lt;/span&gt;&lt;/span&gt;&lt;/strong&gt;&lt;/span&gt;&lt;/span&gt;&lt;/p&gt;\r\n\r\n&lt;ul&gt;\r\n &lt;li style=&quot;text-align:justify&quot;&gt;&lt;span style=&quot;font-size:14px&quot;&gt;&lt;span style=&quot;font-family:Arial,Helvetica,sans-serif&quot;&gt;&lt;span style=&quot;background-color:white&quot;&gt;&lt;span style=&quot;color:#3a3a3a&quot;&gt;High-Torque Power Base&lt;/span&gt;&lt;/span&gt;&lt;/span&gt;&lt;/span&gt;&lt;/li&gt;\r\n &lt;li style=&quot;text-align:justify&quot;&gt;&lt;span style=&quot;font-size:14px&quot;&gt;&lt;span style=&quot;font-family:Arial,Helvetica,sans-serif&quot;&gt;&lt;span style=&quot;background-color:white&quot;&gt;&lt;span style=&quot;color:#3a3a3a&quot;&gt;Cross Blade and Flat Blade&lt;/span&gt;&lt;/span&gt;&lt;/span&gt;&lt;/span&gt;&lt;/li&gt;\r\n &lt;li style=&quot;text-align:justify&quot;&gt;&lt;span style=&quot;font-size:14px&quot;&gt;&lt;span style=&quot;font-family:Arial,Helvetica,sans-serif&quot;&gt;&lt;span style=&quot;background-color:white&quot;&gt;&lt;span style=&quot;color:#3a3a3a&quot;&gt;Tall and Short Bullet Cups&lt;/span&gt;&lt;/span&gt;&lt;/span&gt;&lt;/span&gt;&lt;/li&gt;\r\n &lt;li style=&quot;text-align:justify&quot;&gt;&lt;span style=&quot;font-size:14px&quot;&gt;&lt;span style=&quot;font-family:Arial,Helvetica,sans-serif&quot;&gt;&lt;span style=&quot;background-color:white&quot;&gt;&lt;span style=&quot;color:#3a3a3a&quot;&gt;Shaker/Steamer Tops (Lids)&lt;/span&gt;&lt;/span&gt;&lt;/span&gt;&lt;/span&gt;&lt;/li&gt;\r\n &lt;li style=&quot;text-align:justify&quot;&gt;&lt;span style=&quot;font-size:14px&quot;&gt;&lt;span style=&quot;font-family:Arial,Helvetica,sans-serif&quot;&gt;&lt;span style=&quot;background-color:white&quot;&gt;&lt;span style=&quot;color:#3a3a3a&quot;&gt;Stay-Fresh Re-sealable Lids&lt;/span&gt;&lt;/span&gt;&lt;/span&gt;&lt;/span&gt;&lt;/li&gt;\r\n &lt;li style=&quot;text-align:justify&quot;&gt;&lt;span style=&quot;font-size:14px&quot;&gt;&lt;span style=&quot;font-family:Arial,Helvetica,sans-serif&quot;&gt;&lt;span style=&quot;background-color:white&quot;&gt;&lt;span style=&quot;color:#3a3a3a&quot;&gt;Four Party Mugs with Comfort Lip Rings&lt;/span&gt;&lt;/span&gt;&lt;/span&gt;&lt;/span&gt;&lt;/li&gt;\r\n &lt;li style=&quot;text-align:justify&quot;&gt;&lt;span style=&quot;font-size:14px&quot;&gt;&lt;span style=&quot;font-family:Arial,Helvetica,sans-serif&quot;&gt;&lt;span style=&quot;background-color:white&quot;&gt;&lt;span style=&quot;color:#3a3a3a&quot;&gt;User Manual Including Recipes&lt;/span&gt;&lt;/span&gt;&lt;/span&gt;&lt;/span&gt;&lt;/li&gt;\r\n&lt;/ul&gt;\r\n\r\n&lt;p&gt;&lt;br /&gt;\r\n&amp;nbsp;&lt;/p&gt;', '23', '0', 8870.00, 38, 5500.00, 'magic-bullet-blender-21-pcs-set-1.jpg,magic-bullet-blender-21-pcs-set-2.jpg,magic-bullet-blender-21-pcs-set-3.jpg', 1, 1),
(37, 'Programmable  Electric Pressure Cooker', 'programmable-electric-pressure-cooker', '&lt;p&gt;&lt;strong&gt;The multi-cooker replaces 7 common kitchen appliances&lt;/strong&gt;&lt;/p&gt;\r\n\r\n&lt;p&gt;pressure cooker, slow cooker, rice cooker, saut&amp;eacute;, steamer, warmer, makes cake. Help you cook delicious, flavorful and healthier meals.&lt;/p&gt;\r\n\r\n&lt;p&gt;&lt;br /&gt;\r\n&lt;strong&gt;The pressure cooker include 15&amp;nbsp;Smart Built-In Programs&amp;nbsp;&lt;/strong&gt;&lt;/p&gt;\r\n\r\n&lt;p&gt;Elite/Quick cooking (rice), Congee, Beef, Soup, Chicken, Meat, Fish, Cake, Enyrecote, Baby Food, Stew, Preset and Keep Warm/Cancel.&lt;/p&gt;\r\n\r\n&lt;p&gt;&lt;br /&gt;\r\n&lt;strong&gt;Fast and Safe&lt;/strong&gt;&lt;/p&gt;\r\n\r\n&lt;p&gt;Compared with other traditional cookers, this pressure cooker preserves natural flavors, nutrients and vitamins with up to 70?ster performance. It conforms to CE, ROHS, and EMC, ensuring safety for daily use by beginners or professionals.&lt;/p&gt;\r\n\r\n&lt;h2&gt;Description&lt;/h2&gt;\r\n\r\n&lt;p&gt;&lt;strong&gt;Features&lt;/strong&gt;&lt;br /&gt;\r\n&amp;bull;Versatile electric pressure cooker for personal requirements&lt;br /&gt;\r\n&amp;bull;14 Built-in smart cooking programs for different cooking methods&lt;br /&gt;\r\n&amp;bull;6Qt capacity/1000W 220V&lt;br /&gt;\r\n&amp;bull;Convenient Preset function can delay your cooking time for up to 24 hours&lt;br /&gt;\r\n&amp;bull;Removable non-stick inner pot for easy cooking and cleaning&lt;br /&gt;\r\n&amp;bull;Reinforced stainless steel exterior for scratch resistance&lt;br /&gt;\r\n&amp;bull;Detachable seal ring and lid for proper and effortless cleaning&lt;br /&gt;\r\n&amp;bull;Saving energy, money and time&lt;br /&gt;\r\n&amp;bull;Kitchen and environment friendly&lt;/p&gt;\r\n\r\n&lt;p&gt;&lt;strong&gt;Warm Tips&lt;/strong&gt;&lt;br /&gt;\r\n1.To avoid hot steam, do Not pull out the exhaust valve by hand when the pressure cooker just finished working.&lt;br /&gt;\r\n2.To release the pressure of the cooker, turn the exhaust valve clockwise.&lt;br /&gt;\r\n3.Remove the gasket/seal ring and wash it one at a time, along side the lid and the pot as a way to clean the cooker properly.&lt;br /&gt;\r\n4.To avoid the opportunity of food blocking the vents, please follow the instruction manual to make a decision the food amount. Do Not overfill the cooker.&lt;/p&gt;\r\n\r\n&lt;p&gt;&lt;strong&gt;Included&lt;/strong&gt;&lt;br /&gt;\r\n1 x Electric Pressure Cooker&lt;br /&gt;\r\n1 x Non-Stick Inner Pot&lt;br /&gt;\r\n1 x Rice Spoon&lt;br /&gt;\r\n1 x Measuring Cup&lt;br /&gt;\r\n1 x Power Cord&lt;br /&gt;\r\n1 x User Manual&lt;/p&gt;\r\n\r\n&lt;p&gt;The multi-cooker replaces 7 common kitchen appliances &amp;ndash; pressure cooker, slow cooker, rice cooker, saut&amp;eacute;, steamer, warmer, makes cake. Let you cook delicious, flavorful and healthier meals.&lt;br /&gt;\r\nThe pressure cooker include 14 Smart Built-In Programs &amp;ndash; Elite/Quick cooking (rice), Congee, Beef, Soup, Chicken, Meat, Fish, Cake, Enyrecote, Baby Food, Stew, Preset and Keep Warm/Cancel.&lt;br /&gt;\r\nFast and Protected Compared with other traditional cookers, this pressure cooker preserves natural flavors, nutrients and vitamins with up to 70?ster performance. It conforms to CE, ROHS, and EMC, ensuring safety for daily use by beginners or professionals.&lt;br /&gt;\r\nLong-Lasting Lifespan &amp;amp; Easy to Clean &amp;ndash; With high-quality and newest materials applied, the 6Qt 1000W stainless steel cooker gets a refined design, improbable durability and consistent reliability. Seal ring, lid and inner pot are removable for easy, convenient and proper cleaning. It is dishwasher Protected.&lt;br /&gt;\r\nFree Accessory Kit, Superior Service -Free accessory kit consists of rice spoon, measuring cup and user manual. Free replacement or refund warranty is available within 1 year. We also provide lifetime dedicated customer service and accessible technical enhance for you.&lt;/p&gt;\r\n\r\n&lt;p&gt;&amp;nbsp;&lt;/p&gt;', '24', '8', 13484.00, 34, 8900.00, 'programmable-electric-pressure-cooker-1.jpg,programmable-electric-pressure-cooker-2.jpg,programmable-electric-pressure-cooker-3.jpg', 1, 1),
(38, 'Smart Rice Cooker - Electric Pressure Cooker', 'smart-rice-cooker-electric-pressure-cooker', '&lt;p&gt;&lt;strong&gt;COOKING&amp;nbsp; IS EASY NOW!!!&lt;/strong&gt;&lt;br /&gt;\r\n27% OFF!&lt;br /&gt;\r\n&lt;u&gt;&lt;strong&gt;Grab the SriLankan&amp;#39;s most exclusive offer on COOKERS..!&lt;/strong&gt;&lt;/u&gt;&lt;br /&gt;\r\n*Durable and non-stick inner potDurable and non-stick inner pot Aluminum alloy inner pot is durable and offers more effective heat conduction.&amp;nbsp;&lt;br /&gt;\r\nSpecial colored Whitford golden coating is anti-scratch and non-stick.&lt;br /&gt;\r\n*Easy to program timer indicates the cooking progressEasy to program timer indicates the cooking progress Easy to program timer indicates the cooking progress.&lt;br /&gt;\r\n*Slow cook with high &amp;amp; low temperature up to 12 hours&lt;br /&gt;\r\n*Pressure cook with various direct menu buttons (Soup, Risotto, Rice, Steam, Meat/Poultry, Manual)&lt;br /&gt;\r\n*In case of abnormal high pressure inside the cooker, steam will be released automatically from the pressure regulator valve to ensure safety.&lt;br /&gt;\r\n*Easy to control cooking progress&lt;/p&gt;\r\n\r\n&lt;p&gt;&lt;strong&gt;SPECIAL DISCOUNTED PRICE !&lt;/strong&gt;&lt;br /&gt;\r\nNote: This Price Is Valid Only For Web Purchases...&lt;br /&gt;\r\nAll prices are shown in Sri Lankan Rupees (Rs.) inclusive of taxes.&lt;br /&gt;\r\nWe reserve the right to change any price at any time.&lt;br /&gt;\r\n&amp;nbsp;&lt;/p&gt;', '24', '8', 9451.00, 27, 6900.00, 'smart-rice-cooker-electric-pressure-cooker-1.jpg,smart-rice-cooker-electric-pressure-cooker-2.jpg', 1, 1),
(39, 'Mighty Shears - Scissor Peeler Slicer Screwdriver Opener', 'mighty-shears-scissor-peeler-slicer-screwdriver-opener', '&lt;p&gt;Mighty Shears Scissors 10-in-1 Mutli-purpose Tool, Vegetable Cutter, Peeler, Screw Driver,Wire Striper, Nut Cracker, Bottle Cap opener, Wire Stripper, Knife Blade, Bone Cutter and &amp;nbsp;Fish Scaler&lt;/p&gt;\r\n\r\n&lt;ul&gt;\r\n &lt;li&gt;The Ultimate Kitchen scissor&lt;/li&gt;\r\n &lt;li&gt;Professional Grade Stainless Steel Blades&lt;/li&gt;\r\n &lt;li&gt;Multiurpose Shears&lt;/li&gt;\r\n &lt;li&gt;Ergonomic comfort Grip Handle&lt;/li&gt;\r\n &lt;li&gt;Serrated Blade&lt;/li&gt;\r\n &lt;li&gt;Detachable and Easy to Clean&lt;/li&gt;\r\n &lt;li&gt;Dishwasher safe&lt;/li&gt;\r\n &lt;li&gt;Lightweight &amp;amp; Easy to Store&lt;/li&gt;\r\n&lt;/ul&gt;', '23', '0', 1999.00, 32, 1360.00, 'mighty-shears-scissor-peeler-slicer-screwdriver-opener-1.jpg,mighty-shears-scissor-peeler-slicer-screwdriver-opener-2.jpg,mighty-shears-scissor-peeler-slicer-screwdriver-opener-3.jpg', 1, 1),
(40, 'Mosquito Killer Knight Lamp', 'mosquito-killer-knight-lamp', '&lt;p&gt;Mosquito Killer Night Lamp Kills mosquitoes and other insect pests , Brightens up the homes with Safer than using insecticides. You don&amp;rsquo;t need evacuate the house before use&lt;/p&gt;\r\n\r\n&lt;ul&gt;\r\n &lt;li&gt;Non Toxic and No Chemicals.&lt;/li&gt;\r\n &lt;li&gt;Attracts Mosquito and destroy them quickly and efficiently.&lt;/li&gt;\r\n &lt;li&gt;Low power consumption.&lt;/li&gt;\r\n &lt;li&gt;Easy to use and clean.&lt;br /&gt;\r\n &amp;nbsp;&lt;/li&gt;\r\n&lt;/ul&gt;', '25', '6', 1750.00, 50, 875.00, 'mosquito-killer-knight-lamp-1.jpg,mosquito-killer-knight-lamp-2.jpg,mosquito-killer-knight-lamp-3.jpg', 1, 1),
(41, 'Nail Art Stamping Kit', 'nail-art-stamping-kit', '&lt;h1&gt;&lt;span style=&quot;font-size:14px&quot;&gt;&lt;span style=&quot;font-family:Arial,Helvetica,sans-serif&quot;&gt;salon express Nail Art Stamping Kit The Salon Express Nail Art Stamping Kit lets you decorate your nails like a pro&lt;/span&gt;&lt;/span&gt;&lt;/h1&gt;\r\n\r\n&lt;ul&gt;\r\n &lt;li&gt;DIY nail art in minutes!&lt;/li&gt;\r\n &lt;li&gt;Simple steps: just brush, scrape, transfer and roll.&lt;/li&gt;\r\n &lt;li&gt;Professional salon results right at home.&lt;/li&gt;\r\n &lt;li&gt;Amazing nails instantly.&lt;/li&gt;\r\n &lt;li&gt;Works well with any nail polish you have.&lt;/li&gt;\r\n &lt;li&gt;Great for manicures and pedicures.&lt;/li&gt;\r\n&lt;/ul&gt;\r\n\r\n&lt;p&gt;&lt;br /&gt;\r\n1 x Kit includes:&lt;/p&gt;\r\n\r\n&lt;ul&gt;\r\n &lt;li&gt;1 x scraper&lt;/li&gt;\r\n &lt;li&gt;1 x holder&lt;/li&gt;\r\n &lt;li&gt;5 x design plates with 40 design&lt;/li&gt;\r\n&lt;/ul&gt;\r\n\r\n&lt;ul&gt;\r\n &lt;li&gt;Easy to use&lt;/li&gt;\r\n &lt;li&gt;Fast nail art in minutes&lt;/li&gt;\r\n&lt;/ul&gt;', '23', '0', 1580.00, 50, 790.00, 'nail-art-stamping-kit-1.jpg,nail-art-stamping-kit-2.jpg', 1, 1),
(42, 'White Light - Tooth Whitening System', 'white-light-tooth-whitening-system', '&lt;p&gt;&lt;big&gt;Whitening Teeth Using Light Technology and get the results in just 10 minutes! White Light is a revolutionary new system that incorporates light technology. It is a specially formulated gel to whiten your teeth fast. The whitening system rapidly removes surface stains, and penetrates deep to remove embedded stains. It is no harmful for your teeth. Now you can easily, and convenience to use professional dental product at home.&lt;/big&gt;&lt;br /&gt;\r\n&amp;nbsp;&lt;/p&gt;\r\n\r\n&lt;div style=&quot;-webkit-text-stroke-width:0px; max-width:980px; padding:0px; text-align:start&quot;&gt;&lt;span style=&quot;font-size:14px&quot;&gt;&lt;span style=&quot;font-family:Arial,Helvetica,sans-serif&quot;&gt;&lt;span style=&quot;color:#616161&quot;&gt;&lt;span style=&quot;color:#000000&quot;&gt;Package included:&amp;nbsp;&lt;/span&gt;&lt;/span&gt;&lt;/span&gt;&lt;/span&gt;&lt;/div&gt;\r\n\r\n&lt;div style=&quot;-webkit-text-stroke-width:0px; max-width:980px; padding:0px; text-align:start&quot;&gt;&lt;span style=&quot;font-size:14px&quot;&gt;&lt;span style=&quot;font-family:Arial,Helvetica,sans-serif&quot;&gt;&lt;span style=&quot;color:#616161&quot;&gt;&lt;span style=&quot;color:#000000&quot;&gt;? 1 x Light Transmitter&lt;/span&gt;&lt;/span&gt;&lt;/span&gt;&lt;/span&gt;&lt;/div&gt;\r\n\r\n&lt;div style=&quot;-webkit-text-stroke-width:0px; max-width:980px; padding:0px; text-align:start&quot;&gt;&lt;span style=&quot;font-size:14px&quot;&gt;&lt;span style=&quot;font-family:Arial,Helvetica,sans-serif&quot;&gt;&lt;span style=&quot;color:#616161&quot;&gt;&lt;span style=&quot;color:#000000&quot;&gt;? 1 x Advance Dental Tray&lt;/span&gt;&lt;/span&gt;&lt;/span&gt;&lt;/span&gt;&lt;/div&gt;\r\n\r\n&lt;div style=&quot;-webkit-text-stroke-width:0px; max-width:980px; padding:0px; text-align:start&quot;&gt;&lt;span style=&quot;font-size:14px&quot;&gt;&lt;span style=&quot;font-family:Arial,Helvetica,sans-serif&quot;&gt;&lt;span style=&quot;color:#616161&quot;&gt;&lt;span style=&quot;color:#000000&quot;&gt;? 1 x Secrets to a Beautiful Smile Booklet&lt;/span&gt;&lt;/span&gt;&lt;/span&gt;&lt;/span&gt;&lt;/div&gt;\r\n\r\n&lt;div style=&quot;-webkit-text-stroke-width:0px; max-width:980px; padding:0px; text-align:start&quot;&gt;&lt;span style=&quot;font-size:14px&quot;&gt;&lt;span style=&quot;font-family:Arial,Helvetica,sans-serif&quot;&gt;&lt;span style=&quot;color:#616161&quot;&gt;&lt;span style=&quot;color:#000000&quot;&gt;? 2 x Lithium Batteries&lt;/span&gt;&lt;/span&gt;&lt;/span&gt;&lt;/span&gt;&lt;/div&gt;\r\n\r\n&lt;div style=&quot;-webkit-text-stroke-width:0px; max-width:980px; padding:0px; text-align:start&quot;&gt;&lt;span style=&quot;font-size:14px&quot;&gt;&lt;span style=&quot;font-family:Arial,Helvetica,sans-serif&quot;&gt;&lt;span style=&quot;color:#616161&quot;&gt;&lt;span style=&quot;color:#000000&quot;&gt;? 2 x Dental Gels&lt;/span&gt;&lt;/span&gt;&lt;/span&gt;&lt;/span&gt;&lt;/div&gt;', '23', '0', 1390.00, 36, 890.00, 'white-light-tooth-whitening-system-1.jpg,white-light-tooth-whitening-system-2.jpg,white-light-tooth-whitening-system-3.jpg', 1, 1),
(43, '2 in 1 Hair Styler With Electric Brush &amp; Hair Curler - GM 2906', '2-in-1-hair-styler-with-electric-brush-ahair-curler-gm-2906', '&lt;p&gt;&amp;lt;p&amp;gt;Gemei Professional Curling Iron&amp;amp;nbsp;&amp;lt;/p&amp;gt; &amp;lt;p&amp;gt;Rapid heating, easy to create the professional salon effect&amp;lt;/p&amp;gt; &amp;lt;p&amp;gt;Precise constant temperature heat balance technology&amp;lt;/p&amp;gt; &amp;lt;p&amp;gt;Half an hour without using automatic off electric technology, more safety&amp;lt;/p&amp;gt; &amp;lt;p&amp;gt;Ergonomic comfort grip, convenient and comfortable for using&amp;lt;/p&amp;gt; &amp;lt;p&amp;gt;Universal voltage, suitable for the world.&amp;amp;nbsp;&amp;lt;/p&amp;gt; &amp;lt;p&amp;gt;&amp;amp;nbsp;&amp;lt;/p&amp;gt; &amp;lt;ul&amp;gt; &amp;lt;li&amp;gt;Front-end top does not get heat&amp;lt;/li&amp;gt; &amp;lt;li&amp;gt;Mounting Bracket&amp;lt;/li&amp;gt; &amp;lt;li&amp;gt;Indicator, On/off switch&amp;lt;/li&amp;gt; &amp;lt;li&amp;gt;360 Degree swivel cord&amp;lt;/li&amp;gt; &amp;lt;/ul&amp;gt;&lt;/p&gt;', '27', '0', 2750.00, 30, 1925.00, '2-in-1-hair-styler-with-electric-brush-ahair-curler-gm-2906-1.jpg,2-in-1-hair-styler-with-electric-brush-ahair-curler-gm-2906-2.jpg', 1, 1),
(44, '2 in 1 Hair Straightening &amp;amp; Curling Iron - GM 2961', '2-in-1-hair-straightening-curling-iron-gm-2961', '&lt;p&gt;Straightener 2 in 1 Gemei Model: 2961. Straightener with aluminum plates with ceramic coating 50W. Effectively straightens out and twisting hair strands. A good choice for people who want a smooth haircut that does not need to be constantly improved. Thanks to ceramic coating, hair is much less damaged than metal straighteners. The lightener is lightweight and comfortable to use. It has a rotating cable that does not wobble when preparing a hairstyle. The straightener can be used to spin hair, which increases its functionality.&lt;/p&gt;\r\n\r\n&lt;p&gt;&amp;nbsp;&lt;/p&gt;\r\n\r\n&lt;ul&gt;\r\n &lt;li&gt;Ideal for straightening and curling&lt;/li&gt;\r\n &lt;li&gt;Fast heating&lt;/li&gt;\r\n &lt;li&gt;Aluminum plates with ceramic coating&lt;/li&gt;\r\n &lt;li&gt;360 degree rotating cable&lt;/li&gt;\r\n &lt;li&gt;Power: 30W&lt;/li&gt;\r\n&lt;/ul&gt;', '27', '0', 3750.00, 34, 2475.00, '2-in-1-hair-straightening-curling-iron-gm-2961-1.jpg,2-in-1-hair-straightening-curling-iron-gm-2961-2.jpg,2-in-1-hair-straightening-curling-iron-gm-2961-3.jpg', 1, 1),
(45, 'Rechargeable Callus Remover - Foot Care', 'rechargeable-callus-remover-foot-care', '&lt;p&gt;Callus can be really annoying and painful. It can also make your feet look very unappealing.&lt;br /&gt;\r\nThat&amp;#39;s why you need this callus remover. This will help remove callus from your feet so you have no embarrassment about them anymore.&lt;br /&gt;\r\n&amp;nbsp;&lt;br /&gt;\r\nFeatures:&lt;/p&gt;\r\n\r\n&lt;ul&gt;\r\n &lt;li&gt;Simple design.&lt;/li&gt;\r\n &lt;li&gt;It leaves skin smooth and polish.&lt;/li&gt;\r\n &lt;li&gt;Push-type switch, easy to operation.&lt;/li&gt;\r\n &lt;li&gt;Painless technology to remove dead skin.&lt;/li&gt;\r\n &lt;li&gt;Unique rollers grindingSafer &amp;amp; more efficient, easy &amp;amp; fun to use&lt;/li&gt;\r\n &lt;li&gt;Contains one more Quality, Durable, Coarse Roller&lt;/li&gt;\r\n &lt;li&gt;Rechargable Economic &amp;amp; Green Environmental Protection&amp;nbsp;&lt;/li&gt;\r\n &lt;li&gt;Water Proof design Wet &amp;amp; Dry use, easy for clean and more comfortable&lt;/li&gt;\r\n&lt;/ul&gt;', '27', '0', 3390.00, 27, 2475.00, 'rechargeable-callus-remover-foot-care-1.jpg,rechargeable-callus-remover-foot-care-2.jpg,rechargeable-callus-remover-foot-care-3.jpg', 1, 1),
(46, 'Rechargeable Nose &amp; Hair Trimmer', 'rechargeable-nose-hair-trimmer', '&lt;p&gt;The procedure of hair removal is painless and takes only a few minutes;&lt;br /&gt;\r\nSafe cutting system&lt;br /&gt;\r\nSafe cutting unit&lt;br /&gt;\r\nDry use&lt;br /&gt;\r\nCurved stainless steel blades&lt;br /&gt;\r\nErgonomic design, compact size is easy to take with you&lt;br /&gt;\r\nPowered by Built-in Battery&lt;br /&gt;\r\nCharging from the network&lt;br /&gt;\r\nEasy to clean with a brush (included)&lt;/p&gt;', '27', '0', 2556.00, 30, 1790.00, 'rechargeable-nose-hair-trimmer-1.jpg,rechargeable-nose-hair-trimmer-2.jpg,rechargeable-nose-hair-trimmer-3.jpg', 1, 1),
(47, 'Stallion Cordless Hair Trimmer', 'stallion-cordless-hair-trimmer', '&lt;p&gt;The Stallion Cordless Rechargeable Beard and Mustache Trimmer offers a durable housing and precision-ground steel blades for consistent, precise trimming. Made from Titanium Plated self-sharpening blades stay sharp for a long time. Plus, you can operate the Stallion Rechargeable Beard and Mustache Trimmer with or without a cord. It can be powered by the rechargeable battery or plugged into an outlet with its charger for direct power.&lt;/p&gt;\r\n\r\n&lt;p&gt;Features:&lt;/p&gt;\r\n\r\n&lt;ul&gt;\r\n &lt;li&gt;Streamline Modelling / best ergonomic design&lt;/li&gt;\r\n &lt;li&gt;Advanced shaving system&lt;/li&gt;\r\n &lt;li&gt;Powerful motor&lt;/li&gt;\r\n &lt;li&gt;High capacity rechargeable batteries&lt;/li&gt;\r\n &lt;li&gt;Mute design / noise lower than similar products&lt;/li&gt;\r\n &lt;li&gt;Light &amp;amp; compact&lt;/li&gt;\r\n &lt;li&gt;Streamlined model / Best ergonomic design&lt;/li&gt;\r\n &lt;li&gt;Titanium plated steel cutting blades&lt;/li&gt;\r\n &lt;li&gt;Whisper-Quiet operation&lt;/li&gt;\r\n &lt;li&gt;Low vibration design&lt;/li&gt;\r\n &lt;li&gt;Non-Slip hand grip&lt;/li&gt;\r\n&lt;/ul&gt;', '27', '0', 2271.00, 30, 1590.00, 'stallion-cordless-hair-trimmer-1.jpg,stallion-cordless-hair-trimmer-2.jpg', 1, 1),
(48, '7 In 1 One Touch Kitchen Can Opener Can Do', '7-in-1-one-touch-kitchen-can-opener-can-do', '&lt;p&gt;7 in 1 Kitchen Cando Can Opener&lt;/p&gt;\r\n\r\n&lt;p&gt;A wonderful kitchen must have tool for preparation of food in can or bottle.&lt;br /&gt;\r\nFlip up the swivel handle to open cans. Use the jaws to break vacuum seals, the gripper to twist off caps and the notch to pop off bottle caps, and more you can think of with this Kitchen Can-Do multipurpose tool. Maximizes results by offering you instant access to virtually any vessel. Open cans without leaving sharp edges, pry tins, lift tabs, break seals, twist caps and much more.&lt;br /&gt;\r\nKitchen Can Do : its a must in kitchen and when in travel , camping, hiking , fishing and Trekking.&lt;/p&gt;', '23', '0', 1295.00, 39, 790.00, '7-in-1-one-touch-kitchen-can-opener-can-do-1.jpg,7-in-1-one-touch-kitchen-can-opener-can-do-2.jpg,7-in-1-one-touch-kitchen-can-opener-can-do-3.jpg', 1, 1),
(49, 'Electronic Fly Trap', 'electronic-fly-trap', '&lt;p&gt;Selects the physical method to entrap the flys&lt;br /&gt;\r\n&amp;nbsp;Effective area:200-300 square meters&lt;br /&gt;\r\nLow power consumption, suitable for long life operation&lt;/p&gt;\r\n\r\n&lt;ul&gt;\r\n &lt;li&gt;No noise.&lt;/li&gt;\r\n &lt;li&gt;Non-Toxic. No chemicals use.&lt;/li&gt;\r\n &lt;li&gt;No killing them. You can release them to the jungle.&lt;/li&gt;\r\n &lt;li&gt;A safe and effective way to eliminate all flies, even pesticide resistant flies.&lt;/li&gt;\r\n &lt;li&gt;The trap works by using natural fly food as bait that smells so good to flies they can&amp;#39;t resist it.&lt;br /&gt;\r\n &amp;nbsp;&lt;/li&gt;\r\n&lt;/ul&gt;', '25', '6', 2985.00, 28, 2150.00, 'electronic-fly-trap-1.jpg,electronic-fly-trap-2.jpg', 1, 1);
INSERT INTO `cart_product` (`product_id`, `product_name`, `product_url`, `product_description`, `category_url`, `sub_category_url`, `market_price`, `discount_percent`, `sale_price`, `product_banner`, `product_status`, `product_in_stock`) VALUES
(50, 'Wido Electric Paint sprayer', 'wido-electric-paint-sprayer', '&lt;p&gt;&lt;strong&gt;Description&lt;/strong&gt;&lt;/p&gt;\r\n\r\n&lt;ul&gt;\r\n &lt;li&gt;&amp;ndash; Brand New Box Packed.&lt;/li&gt;\r\n &lt;li&gt;&amp;ndash; Original Forward Company.&lt;/li&gt;\r\n &lt;li&gt;&amp;ndash; FSG-2/400 Model.&lt;/li&gt;\r\n &lt;li&gt;&amp;ndash; 400w Power Full Paint Throw.&lt;/li&gt;\r\n &lt;li&gt;&amp;ndash; 850ML Paint Bottle.&lt;/li&gt;\r\n &lt;li&gt;&amp;ndash; Power Cord 2m.&lt;/li&gt;\r\n &lt;li&gt;&amp;ndash; Complete Accessories in Box.&lt;/li&gt;\r\n &lt;li&gt;&amp;ndash; Multi Variable Speed (Adjustable Speed &amp;amp; Spray Controller).&lt;/li&gt;\r\n &lt;li&gt;&amp;ndash; 4 Type Of Spray Function With Extra Nozzels.&lt;/li&gt;\r\n &lt;li&gt;&amp;ndash; Extra Heavy Duty High Quality.&lt;/li&gt;\r\n &lt;li&gt;&amp;ndash; Paint 100% Coverage.&lt;/li&gt;\r\n &lt;li&gt;&amp;ndash; Best For Wall Painting   Door Painting   Car Painting   All Type Of Paint Water Or Oil.&lt;/li&gt;\r\n &lt;li&gt;&amp;ndash; For Home &amp;amp; Professional Use.&lt;/li&gt;\r\n &lt;li&gt;&amp;ndash; 7 Feet Long Wire.&lt;/li&gt;\r\n &lt;li&gt;&amp;ndash; Comfortable Grip.&lt;/li&gt;\r\n &lt;li&gt;&amp;ndash; Very Easy To Use &amp;amp; Comfortable Trigger.&lt;/li&gt;\r\n &lt;li&gt;&amp;ndash; Original Full Packing   Original Box   Guide Book.&lt;/li&gt;\r\n&lt;/ul&gt;\r\n\r\n&lt;p&gt;&amp;nbsp;&lt;/p&gt;\r\n\r\n&lt;p&gt;&lt;strong&gt;&amp;nbsp;Feature:&lt;/strong&gt;&lt;br /&gt;\r\n1. Continuously variable paint flow control&lt;br /&gt;\r\n2. Quick paint changes, easy cleaning&lt;br /&gt;\r\n3. Carrying strap for maximum mobility&lt;/p&gt;', '25', '6', 9690.00, 35, 6299.00, 'wido-electric-paint-sprayer-1.jpg,wido-electric-paint-sprayer-2.jpg,wido-electric-paint-sprayer-3.jpg', 1, 1),
(51, 'Xiongying Multi-Function Food Processor- XY2268', 'xiongying-multi-function-food-processor-xy2268', '&lt;p&gt;The Xiongying Multi-Function Food Processor XY2268 with 218W powerful and electricity saving 26,000 RPM motor can handle just about anything - from fruits/vegetables to ice. Its multi-speed function will blend, crush and cut for perfectly smooth blending and any consistency you want. You can juice extract, grind, ice-crush, soybean milk make, meat chop, facial masks make and so on.&lt;br /&gt;\r\n&lt;br /&gt;\r\n&lt;strong&gt;Power / Wattage&lt;/strong&gt;: 218 watts, 26,000 RPM&lt;br /&gt;\r\nRelated voltage: AC 220V / 50-60 Hz&lt;br /&gt;\r\nMaterial: Stainless Steel, ABS, Plastic&lt;br /&gt;\r\n&lt;strong&gt;Special Features:&lt;/strong&gt;&amp;nbsp;Easy cleaning detachable Jar and Cups,&amp;nbsp;&lt;strong&gt;Water resistant main engine&lt;/strong&gt;,&amp;nbsp;&lt;strong&gt;Overheating power cut-off&lt;/strong&gt;&lt;br /&gt;\r\nItem Weight: 2.36 Kg&lt;br /&gt;\r\nWarranty:&amp;nbsp;&lt;strong&gt;1 (one) Year Manufacturer Warranty&lt;/strong&gt;&lt;br /&gt;\r\n&lt;br /&gt;\r\n&lt;strong&gt;What is in the box:&lt;/strong&gt;&lt;br /&gt;\r\n1 x&amp;nbsp;Xiongying XY2268 main engine&lt;br /&gt;\r\n1 x 1250ml Juice Jar&lt;br /&gt;\r\n1 x High Cup&lt;br /&gt;\r\n1 x Low Cup&lt;br /&gt;\r\n1 x Stick Pusher&lt;br /&gt;\r\n1 x Minced Meat Cup&lt;br /&gt;\r\n1 x Big Cap&lt;br /&gt;\r\n1 x Small Cap&lt;br /&gt;\r\n1 x Meat Cup Lid&lt;br /&gt;\r\n1 x Cross Blade Base&lt;br /&gt;\r\n1 x Flat Blade Base&lt;br /&gt;\r\n1 x Ground Meat Nife&lt;br /&gt;\r\n1 x Reducer&lt;br /&gt;\r\n2 x Flat Cover&lt;br /&gt;\r\n1 x User Manual / Warranty Card&lt;/p&gt;', '24', '4', 7933.00, 25, 5950.00, 'xiongying-multi-function-food-processor-xy2268-1.jpg,xiongying-multi-function-food-processor-xy2268-2.jpg', 1, 1),
(52, 'Xiongying Multi-Function Food Processor XY5195', 'xiongying-multi-function-food-processor-xy5195', '&lt;p&gt;The Xiongying Multi-Function Food Processor XY5195 with 218W powerful and electricity saving 26,000 RPM motor can handle just about anything - from fruits/vegetables to ice. Its multi-speed function will blend, crush and cut for perfectly smooth blending and any consistency you want. You can blend, grind, ice-crush, meat chop, facial masks make and so on.&lt;br /&gt;\r\n&lt;br /&gt;\r\nPower / Wattage: 218 watts, 26,000 RPM&lt;br /&gt;\r\nRelated voltage: AC 220V / 50-60 Hz&lt;br /&gt;\r\nMaterial: Stainless Steel, ABS, Plastic&lt;br /&gt;\r\n&lt;strong&gt;Special Features&lt;/strong&gt;: Easy cleaning detachable Jar and Cups,&amp;nbsp;&lt;strong&gt;Water resistant main engine&lt;/strong&gt;,&amp;nbsp;&lt;strong&gt;Overheating power cut-off&lt;/strong&gt;&lt;br /&gt;\r\nItem Weight: 2.3 Kg&lt;br /&gt;\r\nWarranty:&amp;nbsp;&lt;strong&gt;1 (one) Year Manufacturer Warranty&lt;/strong&gt;&lt;br /&gt;\r\n&lt;br /&gt;\r\n&lt;strong&gt;What is in the box&lt;/strong&gt;:&lt;br /&gt;\r\n1 x Xiongying Multi-Function Food Processor XY5195&lt;br /&gt;\r\n1 x Mug Cup&lt;br /&gt;\r\n1 x High Cup&lt;br /&gt;\r\n1 x Low Cup&lt;br /&gt;\r\n1 x Minced Meat Cup&lt;br /&gt;\r\n1 x Meat Cup Lid&lt;br /&gt;\r\n1 x Cross Blade Base&lt;br /&gt;\r\n1 x Flat Blade Base&lt;br /&gt;\r\n1 x Ground Meat Nife&lt;br /&gt;\r\n1 x Reducer&lt;br /&gt;\r\n1 x Comfort Lip Rings&lt;br /&gt;\r\n2 x Flat Cover&lt;br /&gt;\r\n1 x User Manual / Warranty Card&lt;/p&gt;', '24', '4', 9500.00, 30, 6650.00, 'xiongying-multi-function-food-processor-xy5195-1.jpg,xiongying-multi-function-food-processor-xy5195-2.jpg', 1, 1),
(53, 'Portable Car Vacuum Cleaner', 'portable-car-vacuum-cleaner', '&lt;p&gt;&amp;nbsp;Vaccum Cleaner Portable.Powerful and Reliable Car Vacuum Cleaner Need not wait for that once in a while dry-cleaning sessions for your car. Now feel confident in letting your friends or colleagues be seated anywhere in your car without caring that they will find the crumbs of the potato chips or snacks that you had enjoyed yesterday evening in your car. Even if you hire a person to clean your car daily, or even if you do it yourself, a few untidy nuisances always escape your sight and stay there in the deep, dark interiors of your car. Keep your car regularly clean with this amazing and powerful vacuum cleaner with the long handle attachment that reaches the most difficult corner areas in your car. Features: 12V power Just plug-n-play using the cigarette lighter power socket&lt;/p&gt;\r\n\r\n&lt;p&gt;&amp;nbsp;&lt;/p&gt;\r\n\r\n&lt;p&gt;&lt;strong&gt;Feature:&lt;/strong&gt;&lt;/p&gt;\r\n\r\n&lt;ul&gt;\r\n &lt;li&gt;Powerful suction&lt;/li&gt;\r\n &lt;li&gt;Compact and lightweight&lt;/li&gt;\r\n &lt;li&gt;Used directly from the car lighter socket&lt;/li&gt;\r\n &lt;li&gt;Complete with convenient attachment and washable filter&lt;/li&gt;\r\n &lt;li&gt;Controlled by ON / OFF switch, easy to use.&lt;/li&gt;\r\n &lt;li&gt;Suit for travel and all vehicles&lt;/li&gt;\r\n&lt;/ul&gt;\r\n\r\n&lt;p&gt;&amp;nbsp;&lt;/p&gt;', '29', '0', 3461.00, 35, 2250.00, 'portable-car-vacuum-cleaner-1.jpg,portable-car-vacuum-cleaner-2.jpg', 1, 1),
(54, 'Bikini Hair remover and trimmer', 'bikini-hair-remover-and-trimmer', '&lt;p&gt;Bikini Hair Remover and Trimmer,bikini touch trimmer&lt;br /&gt;\r\nAdvanced type motor,pencil slim design&lt;/p&gt;\r\n\r\n&lt;ul&gt;\r\n &lt;li&gt;No pain&lt;/li&gt;\r\n &lt;li&gt;No irritation&lt;/li&gt;\r\n &lt;li&gt;No razor bumps&lt;/li&gt;\r\n &lt;li&gt;Angled head for ease of use&lt;/li&gt;\r\n &lt;li&gt;Safe on sensitive skin&lt;/li&gt;\r\n &lt;li&gt;Gets to those hard-to-reach places&lt;/li&gt;\r\n&lt;/ul&gt;', '27', '0', 1450.00, 50, 725.00, 'bikini-hair-remover-and-trimmer-1.jpg,bikini-hair-remover-and-trimmer-2.jpg', 1, 1),
(55, 'Facial Hydrate Steamer Mist and Sauna Inhaler', 'facial-hydrate-steamer-mist-and-sauna-inhaler', '&lt;p&gt;&lt;strong&gt;Facial Hydrate Steamer Mist and Sauna Inhaler Home Spa Face Skin Care&lt;/strong&gt;&lt;/p&gt;\r\n\r\n&lt;p&gt;You can treat yourself to luxurious spa treatments in the comfort of your own home with this Facial Sauna System. Simply activate the hydrophilic factor and replenish water in your skin. This facial steamer promotes the regeneration of collagen, reduces hairline cracks and wrinkles and helps to restore your skin for a soft, smoother complexion.&amp;nbsp;&lt;/p&gt;\r\n\r\n&lt;p&gt;&amp;nbsp;your skin will be sparkling clean and fresh.&lt;/p&gt;\r\n\r\n&lt;p&gt;&lt;strong&gt;Description&lt;/strong&gt;&lt;/p&gt;\r\n\r\n&lt;ul&gt;\r\n &lt;li&gt;Masal mask and facial steamer&lt;/li&gt;\r\n &lt;li&gt;Air-hole for breathing&lt;/li&gt;\r\n &lt;li&gt;Easy to switch&lt;/li&gt;\r\n &lt;li&gt;Constant-temperature heating&lt;/li&gt;\r\n &lt;li&gt;Rapid fog-emitting&lt;/li&gt;\r\n &lt;li&gt;Face cleaning&lt;/li&gt;\r\n &lt;li&gt;Moisturizing&lt;/li&gt;\r\n &lt;li&gt;Sauna&lt;/li&gt;\r\n &lt;li&gt;Fits men &amp;amp; women&lt;/li&gt;\r\n&lt;/ul&gt;', '27', '0', 3986.00, 25, 2990.00, 'facial-hydrate-steamer-mist-and-sauna-inhaler-1.jpg,facial-hydrate-steamer-mist-and-sauna-inhaler-2.jpg', 1, 1),
(56, 'JBL Everest 100 In-Ear Wireless Bluetooth Headphone', 'jbl-everest-100-in-ear-wireless-bluetooth-headphone', '&lt;p&gt;&amp;lt;p&amp;gt;BL Everest Elite 100 is legendary sound in an on-the-go design. Bluetooth 4.1 technology enables wireless connectivity, JBL Pro Audio Sound delivers a dynamic listening experience, and ergonomic earpieces allow for unprecedented fit, and comfort in your ears. A rechargeable battery offers 8 hours of performance, and its built in microphone with echo cancellation technology provides more natural sounding voice calls. Enjoy ultimate sound &amp;amp;ndash; unbo&amp;lt;/p&amp;gt;&lt;/p&gt;', '32', '0', 2945.00, 44, 1650.00, 'jbl-everest-100-in-ear-wireless-bluetooth-headphone-1.jpg,jbl-everest-100-in-ear-wireless-bluetooth-headphone-2.jpg,jbl-everest-100-in-ear-wireless-bluetooth-headphone-3.jpg', 1, 1),
(57, 'Spin scrubber - The reach anywhere cordless power scrubber', 'spin-scrubber-the-reach-anywhere-cordless-power-scrubber', '&lt;p&gt;&lt;strong&gt;The amazing Hurricane Spin Scrubber&lt;/strong&gt; does the hard work so you don&amp;#39;t have to. Its powerful, flexible bristles cut through tough dirt, mildew and soap scum without harsh chemicals. With 300 scrubs per minute, your cleaning time is cut in half. It&amp;#39;s cordless, so you can clean without fumbling over wires or searching for outlets. A single charge lasts up to 60 minutes. For indoor/outdoor use. 5-7/8&amp;quot;W x 6-3/8&amp;quot;D x 21-3/8&amp;quot;H. Plastic, polyurethane and aluminum.&lt;/p&gt;\r\n\r\n&lt;p&gt;The easy way to scrub! No bending, no hard work!&lt;br /&gt;\r\nDoes the hard work for you!&lt;br /&gt;\r\nHelpful to those with arthritis or limited dexterity&lt;/p&gt;\r\n\r\n&lt;p&gt;&lt;strong&gt;Works on:&lt;/strong&gt;&lt;br /&gt;\r\nTile, Grout, Showers,Tubs, Sinks,&amp;nbsp;Door tracks, Patio furniture, Wheels, Boats, Bicycles, &amp;amp; more!&lt;/p&gt;\r\n\r\n&lt;p&gt;Powerful 300 RPM cleaning action&lt;br /&gt;\r\n&amp;nbsp;&lt;/p&gt;\r\n\r\n&lt;p&gt;&lt;strong&gt;Includes:&lt;/strong&gt;&lt;/p&gt;\r\n\r\n&lt;ul&gt;\r\n &lt;li&gt;Hurricane Spin Scrubber&lt;/li&gt;\r\n &lt;li&gt;3 Scrubbing heads&lt;/li&gt;\r\n &lt;li&gt;Multipurpose brush&lt;/li&gt;\r\n &lt;li&gt;Corner brush&lt;/li&gt;\r\n &lt;li&gt;Extra-wide flat brush&lt;/li&gt;\r\n &lt;li&gt;Extension pole&lt;/li&gt;\r\n &lt;li&gt;AC adapter&lt;/li&gt;\r\n&lt;/ul&gt;', '23', '0', 6370.00, 38, 3950.00, 'spin-scrubber-the-reach-anywhere-cordless-power-scrubber-1.jpg,spin-scrubber-the-reach-anywhere-cordless-power-scrubber-2.jpg,spin-scrubber-the-reach-anywhere-cordless-power-scrubber-3.jpg', 1, 1),
(58, 'Stylish Shoe rack', 'stylish-shoe-rack', '&lt;p&gt;&lt;strong&gt;Portable 5 Tier Shoe Rack Shelf - Holds upto 15 Pairs&lt;/strong&gt;&lt;/p&gt;\r\n\r\n&lt;p&gt;&lt;br /&gt;\r\nMaterial: Stainless Steel and Hard Plastic&lt;/p&gt;\r\n\r\n&lt;p&gt;With the Huayida 5 Tier Shoe Rack your collection can be displayed neatly within the bedroom or wardrobe. Holding up to 15 pairs of shoes, this shoe rack should be enough for most style icons; you may even have some free space left for your partner&amp;#39;s or children&amp;#39;s shoes&lt;/p&gt;\r\n\r\n&lt;p&gt;&amp;nbsp;&lt;/p&gt;\r\n\r\n&lt;p&gt;&lt;strong&gt;Features:&lt;/strong&gt;&lt;/p&gt;\r\n\r\n&lt;ul&gt;\r\n &lt;li&gt;Light weight &amp;amp; Portable&lt;/li&gt;\r\n &lt;li&gt;Hard Plastic with Metal Rod&lt;/li&gt;\r\n &lt;li&gt;Easy to Fold &amp;amp; Store&lt;/li&gt;\r\n &lt;li&gt;Become a Smart Home Maker and Organize Your Shoes in this Shoe Rack&lt;/li&gt;\r\n&lt;/ul&gt;\r\n\r\n&lt;p style=&quot;text-align:justify&quot;&gt;&lt;strong&gt;Dimensions:&lt;/strong&gt;&lt;/p&gt;\r\n\r\n&lt;ul&gt;\r\n &lt;li style=&quot;text-align: justify;&quot;&gt;Height: 26 Inches&lt;/li&gt;\r\n &lt;li style=&quot;text-align: justify;&quot;&gt;Width: 22 Inches&lt;/li&gt;\r\n &lt;li style=&quot;text-align: justify;&quot;&gt;Depth: 6 Inches&lt;/li&gt;\r\n&lt;/ul&gt;', '25', '6', 2355.00, 30, 1649.00, 'stylish-shoe-rack-1.jpg,stylish-shoe-rack-2.jpg', 1, 1),
(59, 'Glass Water Bottle - The Right Amount of Water Every Day!', 'glass-water-bottle-the-right-amount-of-water-every-day', '&lt;p&gt;&amp;lt;p&amp;gt;&amp;lt;br /&amp;gt; Drink the right amount of water every day!&amp;amp;nbsp;&amp;lt;br /&amp;gt; Made of 100% recycled glass with a 750 ml capacity, this bottle indicates excatly the right amount of water intake to keep you hydrated through out the day..&amp;lt;/p&amp;gt;&lt;/p&gt;', '27', '0', 1499.00, 38, 930.00, 'glass-water-bottle-the-right-amount-of-water-every-day-1.jpg,glass-water-bottle-the-right-amount-of-water-every-day-2.jpg', 1, 1),
(60, '40 Pcs Wrench Tool Set', '40-pcs-wrench-tool-set', '&lt;p&gt;&lt;strong&gt;Fix Every Thing With AIWA 40 PCS. TOOL SET&lt;/strong&gt;&lt;br /&gt;\r\nCrafted from metal, this Aiwa Wrench Set contains 35 sockets of different sizes and shapes, so you can definitely find a correct match, whatever the repair you need to work on. These sockets and wrenches can work on metric fasteners to reduce slippage for greater safety and make it impossible to damage them. Whether you need some fixing on your car, bike, or home appliances, you can easily carry this easy-to-use socket wrench set thanks to its sturdy case.&lt;/p&gt;\r\n\r\n&lt;p&gt;&amp;nbsp;&lt;/p&gt;\r\n\r\n&lt;p&gt;&lt;strong&gt;AIWA Wrench Set&lt;/strong&gt;&lt;/p&gt;\r\n\r\n&lt;ul&gt;\r\n &lt;li&gt;1 x 3/8&amp;quot; Reversible Ratchet Handle&lt;/li&gt;\r\n &lt;li&gt;1 x 3/8&amp;quot; DR. x 3&amp;quot; Extension Bar&lt;/li&gt;\r\n &lt;li&gt;1 x 1/4&amp;quot; (M) x 3/8&amp;quot; (F) Adaptor&lt;/li&gt;\r\n &lt;li&gt;1 x 1/4&amp;quot; DR. x 6&amp;quot; Spinner Handle&lt;/li&gt;\r\n &lt;li&gt;1 x 3/8&amp;quot; DR. 5/8&amp;quot; Spark Plug Socket&lt;/li&gt;\r\n &lt;li&gt;1 x Storage Blow Case&lt;/li&gt;\r\n &lt;li&gt;1 x 1/4&amp;quot; DR. 8PT. Socket 1/4&amp;quot; 5/16&amp;quot; 3/8&amp;quot;&lt;/li&gt;\r\n &lt;li&gt;1 x 1/4&amp;quot; DR. 5/32&amp;quot; 3/16&amp;quot; 7/32&amp;quot; 1/4&amp;quot; 9/32&amp;quot; 5/16&amp;quot; 11/32&amp;quot; 3/8&amp;quot; 13/32&amp;quot; 7/16&amp;quot; 15/32-1/2&amp;quot; 17/32&amp;quot; 9/16&amp;quot;&lt;/li&gt;\r\n &lt;li&gt;14 x 1/4&amp;quot; DR. 4 4.5 5 5.5 6 6.5 7 7.5 8 9 10 11 12 13 mm&lt;/li&gt;\r\n &lt;li&gt;1 x 3/8&amp;quot; Dr.x21mm Spark Plug Socket&lt;/li&gt;\r\n &lt;li&gt;2 x 3/8&amp;quot; DR Socket: 15mm 16mm&lt;/li&gt;\r\n &lt;li&gt;1/4&amp;quot; &amp;amp; 3/8&amp;quot; Drive S.A.E&lt;/li&gt;\r\n&lt;/ul&gt;', '29', '0', 2125.00, 40, 1275.00, '40-pcs-wrench-tool-set-1.jpg,40-pcs-wrench-tool-set-2.jpg', 1, 1),
(61, 'Hand Operated Manual Juicer', 'hand-operated-manual-juicer', '&lt;p&gt;&lt;strong&gt;This juicer&lt;/strong&gt; can be utilized to prepare fruit as well as vegetable juices for cooking and drinking purposes. It is made of fine quality abs plastic that will last you a long period of time and will also be convenient to use.&lt;/p&gt;\r\n\r\n&lt;p&gt;The juicer comes with detachable parts and also has a glass that will collect the juice. It is equipped with a waste bin which will collect unwanted pulp.&amp;nbsp;&lt;/p&gt;\r\n\r\n&lt;p&gt;Material: Plastic Stainless steel&lt;/p&gt;\r\n\r\n&lt;p&gt;It can be used for both indoor and outdoor purposes&lt;br /&gt;\r\nExtremely sharp and hardened stainless steel blade&lt;/p&gt;\r\n\r\n&lt;p&gt;Color: Green&lt;br /&gt;\r\n&amp;nbsp;&lt;/p&gt;', '24', '4', 2500.00, 42, 1450.00, 'hand-operated-manual-juicer-1.jpg,hand-operated-manual-juicer-2.jpg', 1, 1),
(62, 'IGIA Vibro Shape - Professional Slimming Unit', 'igia-vibro-shape-professional-slimming-unit', '&lt;p&gt;Vibro Shape is a &lt;strong&gt;&amp;ldquo;professional vibrating belt&amp;rdquo;&lt;/strong&gt; that helps tone muscles in areas such as the abdominals, buttocks, thighs, shoulders and calves. This fitness belt breaks down fat cells, improves blood circulation and increases muscle strength. The Vibro Shape fits waists ranging from 24 to 55 inches. It has five low-power and five high-power setting options. Put simply, this belt provides high-frequency massage vibrations. It comes with a remote that is attached to the belt. Furthermore, this fitness device mimics chiropractic treatments, relieve stress and promote good digestion. You simply strap on the Vibro Shape and use it for 10 minutes each day.&lt;/p&gt;\r\n\r\n&lt;ul&gt;\r\n &lt;li&gt;&amp;nbsp;&lt;/li&gt;\r\n &lt;li&gt;Assists slimming, digestion and relaxation&lt;/li&gt;\r\n &lt;li&gt;Variable settings&lt;/li&gt;\r\n &lt;li&gt;Heat diffusion to ease blood circulation&lt;/li&gt;\r\n &lt;li&gt;5 level auto and manual control&lt;/li&gt;\r\n &lt;li&gt;Controls for programme, speed and direction&lt;/li&gt;\r\n &lt;li&gt;Power: 220V-240V/ 50Hz&lt;/li&gt;\r\n&lt;/ul&gt;', '23', '0', 7350.00, 33, 4925.00, 'igia-vibro-shape-professional-slimming-unit-1.jpg,igia-vibro-shape-professional-slimming-unit-2.jpg', 1, 1),
(63, 'Twin Kit (Standard) - E-Cigarette  E-Shisha Pen Kit', 'twin-kit-standard-e-cigarette-e-shisha-pen-kit', '&lt;p&gt;Twin Standard Starter Kit with Atomizer, Battery &amp;amp; USB Charger&lt;br /&gt;\r\neGo Standard Battery&amp;nbsp;&lt;br /&gt;\r\nWickless Atomizer&lt;/p&gt;\r\n\r\n&lt;p&gt;&lt;br /&gt;\r\nCE &amp;amp; RoHS Approved&lt;br /&gt;\r\nFree Leather Zipper Case&lt;br /&gt;\r\nFree 2 liquid Refill Juice Flavours Oil&amp;nbsp;&lt;/p&gt;\r\n\r\n&lt;p&gt;This eGo CE5 Twin Standard Starter Kit is a great way to begin your vaping experience and join the many e-cig users. This kit is built with the highest quality materials to ensure you get a smooth and tasteful vape. The kit comes with a CE5 Wickless Rebuildable Atomizer, Original eGO-T Battery , two liquid Refill flovor oils &amp;amp; USB Charger.&lt;br /&gt;\r\nAtomizer/Clearomizer - The CE5 is wickless and made from the highest quality materials. This means you will get no burning taste or leaking from your e-cig. The atomizer holds 1.6ml of e-liquid and is completely rebuildable and washable so you can change between flavours without any hassle. Available in 7 colours.&lt;br /&gt;\r\nBattery - Original eGO battery available, Charging time is approximately 3-4 hours and normal working voltage is 3.7-4.2 volts. The battery is compatible with all 510 thread and eGo style atomizers and come in a range of different battery capacities.&lt;/p&gt;\r\n\r\n&lt;p&gt;&lt;br /&gt;\r\n&lt;strong&gt;Cleaning&lt;/strong&gt;&lt;br /&gt;\r\nWash the Atomizer only in warm water. The best way to clean the wicks is to fill the unit half way with warm water, put the top on and then shake vigorously. This method should be repeated 3-4 times until the colour of the wick is as close to white as possible. Leave to dry and re-use.&lt;br /&gt;\r\n&amp;nbsp;&lt;br /&gt;\r\n&lt;strong&gt;How to use&lt;/strong&gt;&lt;br /&gt;\r\nTo fill the CE5 Atomizer, simply unscrew the mouth tip and pour the liquid along the side of the tank avoiding getting liquid into the centre hole. Fill up to the line where it says 1.6ml. Screw the mouth tip back on and connect it to the battery. Leave to stand for 10 minutes and then begin to vape. To switch the battery on/off just press the on/off battery 5 times repeatedly.&amp;nbsp;&lt;/p&gt;\r\n\r\n&lt;p&gt;&lt;strong&gt;Contents&lt;/strong&gt;&lt;br /&gt;\r\n2x CE5 Atomizer&lt;br /&gt;\r\n2x eGo Standard Battery&lt;br /&gt;\r\n1x USB Charger (wall plug not included)&lt;br /&gt;\r\n1x Leather Zipper Case&lt;br /&gt;\r\n2x liquid Refill Juice Flavours Oil&amp;nbsp;&lt;/p&gt;', '32', '0', 3750.00, 34, 2475.00, 'twin-kit-standard-e-cigarette-e-shisha-pen-kit-1.jpg,twin-kit-standard-e-cigarette-e-shisha-pen-kit-2.jpg,twin-kit-standard-e-cigarette-e-shisha-pen-kit-3.jpg', 1, 1);

-- --------------------------------------------------------

--
-- Table structure for table `customers`
--

CREATE TABLE `customers` (
  `id` int(10) UNSIGNED NOT NULL,
  `FirstName` varchar(50) NOT NULL,
  `LastName` varchar(50) NOT NULL DEFAULT '',
  `phone` varchar(50) NOT NULL DEFAULT '',
  `address` varchar(50) NOT NULL DEFAULT '',
  `city` varchar(50) NOT NULL DEFAULT '',
  `country` varchar(50) NOT NULL DEFAULT ''
) ENGINE=InnoDB DEFAULT CHARSET=utf8;

--
-- Dumping data for table `customers`
--

INSERT INTO `customers` (`id`, `FirstName`, `LastName`, `phone`, `address`, `city`, `country`) VALUES
(1, 'Carine ', 'Schmitt', '40.32.2555', '54, rue Royale', 'Nantes', 'France'),
(2, 'Jean', 'King', '7025551838', '8489 Strong St.', 'Las Vegas', 'USA'),
(3, 'Peter', 'Ferguson', '03 9520 4555', '636 St Kilda Road', 'Melbourne', 'Australia'),
(4, 'Janine ', 'Labrune', '40.67.8555', '67, rue des Cinquante Otages', 'Nantes', 'France'),
(5, 'Jonas ', 'Bergulfsen', '07-98 9555', 'Erling Skakkes gate 78', 'Stavern', 'Norway'),
(6, 'Susan', 'Nelson', '4155551450', '5677 Strong St.', 'San Rafael', 'USA'),
(7, 'Zbyszek ', 'Piestrzeniewicz', '(26) 642-7555', 'ul. Filtrowa 68', 'Warszawa', 'Poland'),
(8, 'Roland', 'Keitel', '+49 69 66 90 2555', 'Lyonerstr. 34', 'Frankfurt', 'Germany'),
(9, 'Julie', 'Murphy', '6505555787', '5557 North Pendale Street', 'San Francisco', 'USA'),
(10, 'Kwai', 'Lee', '2125557818', '897 Long Airport Avenue', 'NYC', 'USA'),
(11, 'Diego ', 'Freyre', '(91) 555 94 44', 'C/ Moralzarzal, 86', 'Madrid', 'Spain'),
(12, 'Christina ', 'Berglund', '0921-12 3555', 'Berguvsvgen  8', 'Lule', 'Sweden'),
(13, 'Jytte ', 'Petersen', '31 12 3555', 'Vinbltet 34', 'Kobenhavn', 'Denmark'),
(14, 'Mary ', 'Saveley', '78.32.5555', '2, rue du Commerce', 'Lyon', 'France'),
(15, 'Eric', 'Natividad', '+65 221 7555', 'Bronz Sok.', 'Singapore', 'Singapore'),
(16, 'Jeff', 'Young', '2125557413', '4092 Furth Circle', 'NYC', 'USA'),
(17, 'Kelvin', 'Leong', '2155551555', '7586 Pompton St.', 'Allentown', 'USA'),
(18, 'Juri', 'Hashimoto', '6505556809', '9408 Furth Circle', 'Burlingame', 'USA'),
(19, 'Wendy', 'Victorino', '+65 224 1555', '106 Linden Road Sandown', 'Singapore', 'Singapore'),
(20, 'Veysel', 'Oeztan', '+47 2267 3215', 'Brehmen St. 121', 'Bergen', 'Norway  '),
(21, 'Keith', 'Franco', '2035557845', '149 Spinnaker Dr.', 'New Haven', 'USA'),
(22, 'Isabel ', 'de Castro', '(1) 356-5555', 'Estrada da sade n. 58', 'Lisboa', 'Portugal'),
(23, 'Martine ', 'Ranc', '20.16.1555', '184, chausse de Tournai', 'Lille', 'France'),
(24, 'Marie', 'Bertrand', '(1) 42.34.2555', '265, boulevard Charonne', 'Paris', 'France'),
(25, 'Jerry', 'Tseng', '6175555555', '4658 Baden Av.', 'Cambridge', 'USA'),
(26, 'Julie', 'King', '2035552570', '25593 South Bay Ln.', 'Bridgewater', 'USA'),
(27, 'Mory', 'Kentary', '+81 06 6342 5555', '1-6-20 Dojima', 'Kita-ku', 'Japan'),
(28, 'Michael', 'Frick', '2125551500', '2678 Kingston Rd.', 'NYC', 'USA'),
(29, 'Matti', 'Karttunen', '90-224 8555', 'Keskuskatu 45', 'Helsinki', 'Finland'),
(30, 'Rachel', 'Ashworth', '(171) 555-1555', 'Fauntleroy Circus', 'Manchester', 'UK'),
(31, 'Dean', 'Cassidy', '+353 1862 1555', '25 Maiden Lane', 'Dublin', 'Ireland'),
(32, 'Leslie', 'Taylor', '6175558428', '16780 Pompton St.', 'Brickhaven', 'USA'),
(33, 'Elizabeth', 'Devon', '(171) 555-2282', '12, Berkeley Gardens Blvd', 'Liverpool', 'UK'),
(34, 'Yoshi ', 'Tamuri', '(604) 555-3392', '1900 Oak St.', 'Vancouver', 'Canada'),
(35, 'Miguel', 'Barajas', '6175557555', '7635 Spinnaker Dr.', 'Brickhaven', 'USA'),
(36, 'Julie', 'Young', '6265557265', '78934 Hillside Dr.', 'Pasadena', 'USA'),
(37, 'Brydey', 'Walker', '+612 9411 1555', 'Suntec Tower Three', 'Singapore', 'Singapore'),
(38, 'Frdrique ', 'Citeaux', '88.60.1555', '24, place Klber', 'Strasbourg', 'France'),
(39, 'Mike', 'Gao', '+852 2251 1555', 'Bank of China Tower', 'Central Hong Kong', 'Hong Kong'),
(40, 'Eduardo ', 'Saavedra', '(93) 203 4555', 'Rambla de Catalua, 23', 'Barcelona', 'Spain'),
(41, 'Mary', 'Young', '3105552373', '4097 Douglas Av.', 'Glendale', 'USA'),
(42, 'Horst ', 'Kloss', '0372-555188', 'Taucherstrae 10', 'Cunewalde', 'Germany'),
(43, 'Palle', 'Ibsen', '86 21 3555', 'Smagsloget 45', 'rhus', 'Denmark'),
(44, 'Jean ', 'Fresnire', '(514) 555-8054', '43 rue St. Laurent', 'Montral', 'Canada'),
(45, 'Alejandra ', 'Camino', '(91) 745 6555', 'Gran Va, 1', 'Madrid', 'Spain'),
(46, 'Valarie', 'Thompson', '7605558146', '361 Furth Circle', 'San Diego', 'USA'),
(47, 'Helen ', 'Bennett', '(198) 555-8888', 'Garden House', 'Cowes', 'UK'),
(48, 'Annette ', 'Roulet', '61.77.6555', '1 rue Alsace-Lorraine', 'Toulouse', 'France'),
(49, 'Renate ', 'Messner', '069-0555984', 'Magazinweg 7', 'Frankfurt', 'Germany'),
(50, 'Paolo ', 'Accorti', '011-4988555', 'Via Monte Bianco 34', 'Torino', 'Italy'),
(51, 'Daniel', 'Da Silva', '+33 1 46 62 7555', '27 rue du Colonel Pierre Avia', 'Paris', 'France'),
(52, 'Daniel ', 'Tonini', '30.59.8555', '67, avenue de l\'Europe', 'Versailles', 'France'),
(53, 'Henriette ', 'Pfalzheim', '0221-5554327', 'Mehrheimerstr. 369', 'Kln', 'Germany'),
(54, 'Elizabeth ', 'Lincoln', '(604) 555-4555', '23 Tsawassen Blvd.', 'Tsawassen', 'Canada'),
(55, 'Peter ', 'Franken', '089-0877555', 'Berliner Platz 43', 'Mnchen', 'Germany'),
(56, 'Anna', 'O\'Hara', '02 9936 8555', '201 Miller Street', 'North Sydney', 'Australia'),
(57, 'Giovanni ', 'Rovelli', '035-640555', 'Via Ludovico il Moro 22', 'Bergamo', 'Italy'),
(58, 'Adrian', 'Huxley', '+61 2 9495 8555', 'Monitor Money Building', 'Chatswood', 'Australia'),
(59, 'Marta', 'Hernandez', '6175558555', '39323 Spinnaker Dr.', 'Cambridge', 'USA'),
(60, 'Ed', 'Harrison', '+41 26 425 50 01', 'Rte des Arsenaux 41 ', 'Fribourg', 'Switzerland'),
(61, 'Mihael', 'Holz', '0897-034555', 'Grenzacherweg 237', 'Genve', 'Switzerland'),
(62, 'Jan', 'Klaeboe', '+47 2212 1555', 'Drammensveien 126A', 'Oslo', 'Norway  '),
(63, 'Bradley', 'Schuyler', '+31 20 491 9555', 'Kingsfordweg 151', 'Amsterdam', 'Netherlands'),
(64, 'Mel', 'Andersen', '030-0074555', 'Obere Str. 57', 'Berlin', 'Germany'),
(65, 'Pirkko', 'Koskitalo', '981-443655', 'Torikatu 38', 'Oulu', 'Finland'),
(66, 'Catherine ', 'Dewey', '(02) 5554 67', 'Rue Joseph-Bens 532', 'Bruxelles', 'Belgium'),
(67, 'Steve', 'Frick', '9145554562', '3758 North Pendale Street', 'White Plains', 'USA'),
(68, 'Wing', 'Huang', '5085559555', '4575 Hillside Dr.', 'New Bedford', 'USA'),
(69, 'Julie', 'Brown', '6505551386', '7734 Strong St.', 'San Francisco', 'USA'),
(70, 'Mike', 'Graham', '+64 9 312 5555', '162-164 Grafton Road', 'Auckland  ', 'New Zealand'),
(71, 'Ann ', 'Brown', '(171) 555-0297', '35 King George', 'London', 'UK'),
(72, 'William', 'Brown', '2015559350', '7476 Moss Rd.', 'Newark', 'USA'),
(73, 'Ben', 'Calaghan', '61-7-3844-6555', '31 Duncan St. West End', 'South Brisbane', 'Australia'),
(74, 'Kalle', 'Suominen', '+358 9 8045 555', 'Software Engineering Center', 'Espoo', 'Finland'),
(75, 'Philip ', 'Cramer', '0555-09555', 'Maubelstr. 90', 'Brandenburg', 'Germany'),
(76, 'Francisca', 'Cervantes', '2155554695', '782 First Street', 'Philadelphia', 'USA'),
(77, 'Jesus', 'Fernandez', '+34 913 728 555', 'Merchants House', 'Madrid', 'Spain'),
(78, 'Brian', 'Chandler', '2155554369', '6047 Douglas Av.', 'Los Angeles', 'USA'),
(79, 'Patricia ', 'McKenna', '2967 555', '8 Johnstown Road', 'Cork', 'Ireland'),
(80, 'Laurence ', 'Lebihan', '91.24.4555', '12, rue des Bouchers', 'Marseille', 'France'),
(81, 'Paul ', 'Henriot', '26.47.1555', '59 rue de l\'Abbaye', 'Reims', 'France'),
(82, 'Armand', 'Kuger', '+27 21 550 3555', '1250 Pretorius Street', 'Hatfield', 'South Africa'),
(83, 'Wales', 'MacKinlay', '64-9-3763555', '199 Great North Road', 'Auckland', 'New Zealand'),
(84, 'Karin', 'Josephs', '0251-555259', 'Luisenstr. 48', 'Mnster', 'Germany'),
(85, 'Juri', 'Yoshido', '6175559555', '8616 Spinnaker Dr.', 'Boston', 'USA'),
(86, 'Dorothy', 'Young', '6035558647', '2304 Long Airport Avenue', 'Nashua', 'USA'),
(87, 'Lino ', 'Rodriguez', '(1) 354-2555', 'Jardim das rosas n. 32', 'Lisboa', 'Portugal'),
(88, 'Braun', 'Urs', '0452-076555', 'Hauptstr. 29', 'Bern', 'Switzerland'),
(89, 'Allen', 'Nelson', '6175558555', '7825 Douglas Av.', 'Brickhaven', 'USA'),
(90, 'Pascale ', 'Cartrain', '(071) 23 67 2555', 'Boulevard Tirou, 255', 'Charleroi', 'Belgium'),
(91, 'Georg ', 'Pipps', '6562-9555', 'Geislweg 14', 'Salzburg', 'Austria'),
(92, 'Arnold', 'Cruz', '+63 2 555 3587', '15 McCallum Street', 'Makati City', 'Philippines'),
(93, 'Maurizio ', 'Moroni', '0522-556555', 'Strada Provinciale 124', 'Reggio Emilia', 'Italy'),
(94, 'Akiko', 'Shimamura', '+81 3 3584 0555', '2-2-8 Roppongi', 'Minato-ku', 'Japan'),
(95, 'Dominique', 'Perrier', '(1) 47.55.6555', '25, rue Lauriston', 'Paris', 'France'),
(96, 'Rita ', 'Mller', '0711-555361', 'Adenauerallee 900', 'Stuttgart', 'Germany'),
(97, 'Sarah', 'McRoy', '04 499 9555', '101 Lambton Quay', 'Wellington', 'New Zealand'),
(98, 'Michael', 'Donnermeyer', ' +49 89 61 08 9555', 'Hansastr. 15', 'Munich', 'Germany'),
(99, 'Maria', 'Hernandez', '2125558493', '5905 Pompton St.', 'NYC', 'USA'),
(100, 'Alexander ', 'Feuer', '0342-555176', 'Heerstr. 22', 'Leipzig', 'Germany'),
(101, 'Dan', 'Lewis', '2035554407', '2440 Pompton St.', 'Glendale', 'USA'),
(102, 'Martha', 'Larsson', '0695-34 6555', 'kergatan 24', 'Brcke', 'Sweden'),
(103, 'Sue', 'Frick', '4085553659', '3086 Ingle Ln.', 'San Jose', 'USA'),
(104, 'Roland ', 'Mendel', '7675-3555', 'Kirchgasse 6', 'Graz', 'Austria'),
(105, 'Leslie', 'Murphy', '2035559545', '567 North Pendale Street', 'New Haven', 'USA'),
(106, 'Yu', 'Choi', '2125551957', '5290 North Pendale Street', 'NYC', 'USA'),
(107, 'Martn ', 'Sommer', '(91) 555 22 82', 'C/ Araquil, 67', 'Madrid', 'Spain'),
(108, 'Sven ', 'Ottlieb', '0241-039123', 'Walserweg 21', 'Aachen', 'Germany'),
(109, 'Violeta', 'Benitez', '5085552555', '1785 First Street', 'New Bedford', 'USA'),
(110, 'Carmen', 'Anton', '+34 913 728555', 'c/ Gobelas, 19-1 Urb. La Florida', 'Madrid', 'Spain'),
(111, 'Sean', 'Clenahan', '61-9-3844-6555', '7 Allen Street', 'Glen Waverly', 'Australia'),
(112, 'Franco', 'Ricotti', '+39 022515555', '20093 Cologno Monzese', 'Milan', 'Italy'),
(113, 'Steve', 'Thompson', '3105553722', '3675 Furth Circle', 'Burbank', 'USA'),
(114, 'Hanna ', 'Moos', '0621-08555', 'Forsterstr. 57', 'Mannheim', 'Germany'),
(115, 'Alexander ', 'Semenov', '+7 812 293 0521', '2 Pobedy Square', 'Saint Petersburg', 'Russia'),
(116, 'Raanan', 'Altagar,G M', '+ 972 9 959 8555', '3 Hagalim Blv.', 'Herzlia', 'Israel'),
(117, 'Jos Pedro ', 'Roel', '(95) 555 82 82', 'C/ Romero, 33', 'Sevilla', 'Spain'),
(118, 'Rosa', 'Salazar', '2155559857', '11328 Douglas Av.', 'Philadelphia', 'USA'),
(119, 'Sue', 'Taylor', '4155554312', '2793 Furth Circle', 'Brisbane', 'USA'),
(120, 'Thomas ', 'Smith', '(171) 555-7555', '120 Hanover Sq.', 'London', 'UK'),
(121, 'Valarie', 'Franco', '6175552555', '6251 Ingle Ln.', 'Boston', 'USA'),
(122, 'Tony', 'Snowden', '+64 9 5555500', 'Arenales 1938 3\'A\'', 'Auckland  ', 'New Zealand');

-- --------------------------------------------------------

--
-- Table structure for table `dynamic_form`
--

CREATE TABLE `dynamic_form` (
  `id` int(11) NOT NULL,
  `first_name` varchar(100) NOT NULL,
  `last_name` varchar(100) NOT NULL,
  `file` varchar(30) NOT NULL
) ENGINE=InnoDB DEFAULT CHARSET=latin1;

--
-- Dumping data for table `dynamic_form`
--

INSERT INTO `dynamic_form` (`id`, `first_name`, `last_name`, `file`) VALUES
(26, 'test 1', 'test 1', '1520323909355-001.jpg'),
(27, 'test 2', 'test 2', '1520323909355-002.jpg');

-- --------------------------------------------------------

--
-- Table structure for table `gallery_data`
--

CREATE TABLE `gallery_data` (
  `gallery_id` int(11) NOT NULL,
  `gallery_name` text NOT NULL,
  `gallery_titel` text NOT NULL,
  `gallery_status` int(11) NOT NULL DEFAULT '1'
) ENGINE=InnoDB DEFAULT CHARSET=latin1;

--
-- Dumping data for table `gallery_data`
--

INSERT INTO `gallery_data` (`gallery_id`, `gallery_name`, `gallery_titel`, `gallery_status`) VALUES
(49, 'Test 1', 'test-1', 1),
(50, 'Test 2', 'test-2', 1);

-- --------------------------------------------------------

--
-- Table structure for table `gallery_img`
--

CREATE TABLE `gallery_img` (
  `id` int(11) NOT NULL,
  `gallery_id` int(11) NOT NULL,
  `file_name` text NOT NULL
) ENGINE=InnoDB DEFAULT CHARSET=latin1;

--
-- Dumping data for table `gallery_img`
--

INSERT INTO `gallery_img` (`id`, `gallery_id`, `file_name`) VALUES
(567, 49, 'test-1-001.jpg'),
(568, 49, 'test-1-002.jpg'),
(569, 49, 'test-1-003.jpg'),
(570, 49, 'test-1-004.jpg'),
(571, 49, 'test-1-005.jpg'),
(572, 49, 'test-1-006.jpg'),
(573, 49, 'test-1-007.jpg'),
(574, 49, 'test-1-008.jpg'),
(575, 49, 'test-1-009.jpg'),
(576, 49, 'test-1-010.jpg'),
(577, 49, 'test-1-011.jpg'),
(578, 49, 'test-1-012.jpg'),
(579, 50, 'test-2-001.jpg'),
(580, 50, 'test-2-002.jpg'),
(581, 50, 'test-2-003.jpg'),
(582, 50, 'test-2-004.jpg'),
(583, 50, 'test-2-005.jpg'),
(584, 50, 'test-2-006.jpg'),
(585, 50, 'test-2-007.jpg'),
(586, 50, 'test-2-008.jpg');

-- --------------------------------------------------------

--
-- Table structure for table `multiple_upload`
--

CREATE TABLE `multiple_upload` (
  `user_id` varchar(20) NOT NULL,
  `file` text NOT NULL
) ENGINE=InnoDB DEFAULT CHARSET=latin1;

--
-- Dumping data for table `multiple_upload`
--

INSERT INTO `multiple_upload` (`user_id`, `file`) VALUES
('uid-000002', 'uid-000002.jpg'),
('uid-000002', 'uid-000002.jpg');

-- --------------------------------------------------------

--
-- Table structure for table `orders`
--

CREATE TABLE `orders` (
  `id` int(11) NOT NULL,
  `OrderID` int(11) NOT NULL,
  `CustomerID` int(11) NOT NULL,
  `OrderDate` date NOT NULL
) ENGINE=InnoDB DEFAULT CHARSET=latin1;

--
-- Dumping data for table `orders`
--

INSERT INTO `orders` (`id`, `OrderID`, `CustomerID`, `OrderDate`) VALUES
(1, 10308, 2, '1996-09-11'),
(2, 10309, 3, '2018-02-14'),
(3, 10310, 4, '2018-02-07');

-- --------------------------------------------------------

--
-- Table structure for table `persons`
--

CREATE TABLE `persons` (
  `id` int(11) UNSIGNED NOT NULL,
  `firstName` varchar(100) DEFAULT NULL,
  `lastName` varchar(100) DEFAULT NULL,
  `gender` enum('male','female') DEFAULT NULL,
  `address` varchar(200) DEFAULT NULL,
  `dob` date DEFAULT NULL,
  `photo` varchar(255) DEFAULT NULL
) ENGINE=InnoDB DEFAULT CHARSET=utf8;

--
-- Dumping data for table `persons`
--

INSERT INTO `persons` (`id`, `firstName`, `lastName`, `gender`, `address`, `dob`, `photo`) VALUES
(3, 'John', 'Doe', 'male', 'Kansas', '1972-11-02', NULL),
(4, 'Tatyana', 'Fitzpatrick', 'male', 'London', '1989-01-01', NULL);

-- --------------------------------------------------------

--
-- Table structure for table `users`
--

CREATE TABLE `users` (
  `id` int(11) NOT NULL,
  `user_name` varchar(20) NOT NULL,
  `email` varchar(100) NOT NULL,
  `password` varchar(200) NOT NULL
) ENGINE=InnoDB DEFAULT CHARSET=latin1;

--
-- Dumping data for table `users`
--

INSERT INTO `users` (`id`, `user_name`, `email`, `password`) VALUES
(1, 'eshan', 'eshan@gmail.com', 'c2f55d78ad1c88f5b7fbc499bca63e05');

--
-- Indexes for dumped tables
--

--
-- Indexes for table `basic_form`
--
ALTER TABLE `basic_form`
  ADD PRIMARY KEY (`id`);

--
-- Indexes for table `calendar_events`
--
ALTER TABLE `calendar_events`
  ADD PRIMARY KEY (`id`);

--
-- Indexes for table `cart_category`
--
ALTER TABLE `cart_category`
  ADD PRIMARY KEY (`category_id`);

--
-- Indexes for table `cart_product`
--
ALTER TABLE `cart_product`
  ADD PRIMARY KEY (`product_id`);

--
-- Indexes for table `customers`
--
ALTER TABLE `customers`
  ADD PRIMARY KEY (`id`);

--
-- Indexes for table `dynamic_form`
--
ALTER TABLE `dynamic_form`
  ADD PRIMARY KEY (`id`);

--
-- Indexes for table `gallery_data`
--
ALTER TABLE `gallery_data`
  ADD PRIMARY KEY (`gallery_id`);

--
-- Indexes for table `gallery_img`
--
ALTER TABLE `gallery_img`
  ADD PRIMARY KEY (`id`);

--
-- Indexes for table `orders`
--
ALTER TABLE `orders`
  ADD PRIMARY KEY (`id`);

--
-- Indexes for table `persons`
--
ALTER TABLE `persons`
  ADD PRIMARY KEY (`id`);

--
-- Indexes for table `users`
--
ALTER TABLE `users`
  ADD PRIMARY KEY (`id`);

--
-- AUTO_INCREMENT for dumped tables
--

--
-- AUTO_INCREMENT for table `basic_form`
--
ALTER TABLE `basic_form`
  MODIFY `id` int(11) NOT NULL AUTO_INCREMENT, AUTO_INCREMENT=13;

--
-- AUTO_INCREMENT for table `calendar_events`
--
ALTER TABLE `calendar_events`
  MODIFY `id` int(11) NOT NULL AUTO_INCREMENT, AUTO_INCREMENT=66;

--
-- AUTO_INCREMENT for table `cart_category`
--
ALTER TABLE `cart_category`
  MODIFY `category_id` int(11) NOT NULL AUTO_INCREMENT, AUTO_INCREMENT=33;

--
-- AUTO_INCREMENT for table `cart_product`
--
ALTER TABLE `cart_product`
  MODIFY `product_id` int(11) NOT NULL AUTO_INCREMENT, AUTO_INCREMENT=64;

--
-- AUTO_INCREMENT for table `customers`
--
ALTER TABLE `customers`
  MODIFY `id` int(10) UNSIGNED NOT NULL AUTO_INCREMENT, AUTO_INCREMENT=123;

--
-- AUTO_INCREMENT for table `dynamic_form`
--
ALTER TABLE `dynamic_form`
  MODIFY `id` int(11) NOT NULL AUTO_INCREMENT, AUTO_INCREMENT=28;

--
-- AUTO_INCREMENT for table `gallery_data`
--
ALTER TABLE `gallery_data`
  MODIFY `gallery_id` int(11) NOT NULL AUTO_INCREMENT, AUTO_INCREMENT=51;

--
-- AUTO_INCREMENT for table `gallery_img`
--
ALTER TABLE `gallery_img`
  MODIFY `id` int(11) NOT NULL AUTO_INCREMENT, AUTO_INCREMENT=587;

--
-- AUTO_INCREMENT for table `orders`
--
ALTER TABLE `orders`
  MODIFY `id` int(11) NOT NULL AUTO_INCREMENT, AUTO_INCREMENT=4;

--
-- AUTO_INCREMENT for table `persons`
--
ALTER TABLE `persons`
  MODIFY `id` int(11) UNSIGNED NOT NULL AUTO_INCREMENT, AUTO_INCREMENT=5;

--
-- AUTO_INCREMENT for table `users`
--
ALTER TABLE `users`
  MODIFY `id` int(11) NOT NULL AUTO_INCREMENT, AUTO_INCREMENT=2;
COMMIT;

/*!40101 SET CHARACTER_SET_CLIENT=@OLD_CHARACTER_SET_CLIENT */;
/*!40101 SET CHARACTER_SET_RESULTS=@OLD_CHARACTER_SET_RESULTS */;
/*!40101 SET COLLATION_CONNECTION=@OLD_COLLATION_CONNECTION */;
